"givenname","sp1","sp2","sp3","latbi"
"Androsace  septentrionalis","Androsace","septentrionalis","","Androsace septentrionalis "
"Arabis  drummondii","Arabis","drummondii","","Arabis drummondii "
"Arenaria  conjesta","Arenaria","conjesta","","Arenaria conjesta "
"Chrysopsis  villosa","Chrysopsis","villosa","","Chrysopsis villosa "
"Claytonia  lanceolata","Claytonia","lanceolata","","Claytonia lanceolata "
"Collomia  linearis","Collomia","linearis","","Collomia linearis "
"Delphinium  nelsonii","Delphinium","nelsonii","","Delphinium nelsonii "
"Erigeron  speciosus","Erigeron","speciosus","","Erigeron speciosus "
"Eriogonum  umbellatum","Eriogonum","umbellatum","","Eriogonum umbellatum "
"Hydrophyllum  capitatum","Hydrophyllum","capitatum","","Hydrophyllum capitatum "
"Ipomopsis  aggregata","Ipomopsis","aggregata","","Ipomopsis aggregata "
"Lathyrus  leucanthus","Lathyrus","leucanthus","","Lathyrus leucanthus "
"Lomatium  dissectum","Lomatium","dissectum","","Lomatium dissectum "
"Mertensia  fusiformes","Mertensia","fusiformes","","Mertensia fusiformes "
"Polygonum  douglasii","Polygonum","douglasii","","Polygonum douglasii "
"Potentilla  hippiana","Potentilla","hippiana","","Potentilla hippiana "
"Taraxacum  officinale","Taraxacum","officinale","","Taraxacum officinale "
"Viola  nuttallii","Viola","nuttallii","","Viola nuttallii "
"Artemisia  tridentata","Artemisia","tridentata","","Artemisia tridentata "
"Calochortus  gunnisonii","Calochortus","gunnisonii","","Calochortus gunnisonii "
"Eriogonum  subalpinum","Eriogonum","subalpinum","","Eriogonum subalpinum "
"Mahonia  repens","Mahonia","repens","","Mahonia repens "
"Vicia  americana","Vicia","americana","","Vicia americana "
"Amelanchier  pumila","Amelanchier","pumila","","Amelanchier pumila "
"Potentilla  gracilis","Potentilla","gracilis","","Potentilla gracilis "
"Rosa  woodsii","Rosa","woodsii","","Rosa woodsii "
"Achillea  millefolium","Achillea","millefolium","","Achillea millefolium "
"Erythronium  grandiflorum","Erythronium","grandiflorum","","Erythronium grandiflorum "
"Helianthella  quinquenervis","Helianthella","quinquenervis","","Helianthella quinquenervis "
"Saxifraga  cernua","Saxifraga","cernua","","Saxifraga cernua "
"Senecio","Senecio","","","Senecio  "
"Erigeron  flagellaris","Erigeron","flagellaris","","Erigeron flagellaris "
"Erigeron","Erigeron","","","Erigeron  "
"Gnaphalium  uliginosum","Gnaphalium","uliginosum","","Gnaphalium uliginosum "
"Sedum  lanceolatum","Sedum","lanceolatum","","Sedum lanceolatum "
"Castilleja  linariaefolia","Castilleja","linariaefolia","","Castilleja linariaefolia "
"Erysimum  asperum","Erysimum","asperum","","Erysimum asperum "
"Galium  boreale","Galium","boreale","","Galium boreale "
"Orobanche  fasciculata","Orobanche","fasciculata","","Orobanche fasciculata "
"Aconitum  columbianum","Aconitum","columbianum","","Aconitum columbianum "
"Agoseris  aurantiaca","Agoseris","aurantiaca","","Agoseris aurantiaca "
"Dodecatheon  pulchellum","Dodecatheon","pulchellum","","Dodecatheon pulchellum "
"Erigeron?","Erigeron?","","","Erigeron?  "
"Erigeron  coulteri","Erigeron","coulteri","","Erigeron coulteri "
"Haplopappus  parryi","Haplopappus","parryi","","Haplopappus parryi "
"Helenium  hoopsii","Helenium","hoopsii","","Helenium hoopsii "
"Mertensia  ciliata","Mertensia","ciliata","","Mertensia ciliata "
"Osmorhiza  occidentale","Osmorhiza","occidentale","","Osmorhiza occidentale "
"Potentilla  fruticosa","Potentilla","fruticosa","","Potentilla fruticosa "
"Zygadenus  elegans","Zygadenus","elegans","","Zygadenus elegans "
"Aquilegia  caerulea","Aquilegia","caerulea","","Aquilegia caerulea "
"Castilleja  sulphurea","Castilleja","sulphurea","","Castilleja sulphurea "
"Ligusticum  porteri","Ligusticum","porteri","","Ligusticum porteri "
"Pseudocymopterus  montanus","Pseudocymopterus","montanus","","Pseudocymopterus montanus "
"Arnica  cordifolia","Arnica","cordifolia","","Arnica cordifolia "
"Cardamine  cordifolia","Cardamine","cordifolia","","Cardamine cordifolia "
"Epilobium  saximontanum","Epilobium","saximontanum","","Epilobium saximontanum "
"Geranium  richardsonii","Geranium","richardsonii","","Geranium richardsonii "
"Listera  borealis","Listera","borealis","","Listera borealis "
"Listera  cordata","Listera","cordata","","Listera cordata "
"Mitella  pentandra","Mitella","pentandra","","Mitella pentandra "
"Oxypolis  fendleri","Oxypolis","fendleri","","Oxypolis fendleri "
"Pedicularis  bracteosa","Pedicularis","bracteosa","","Pedicularis bracteosa "
"Senecio  triangularis","Senecio","triangularis","","Senecio triangularis "
"Trollius  laxus","Trollius","laxus","","Trollius laxus "
"Angelica  grayi","Angelica","grayi","","Angelica grayi "
"Caltha  leptosepala","Caltha","leptosepala","","Caltha leptosepala "
"Pyrola  asarifolia","Pyrola","asarifolia","","Pyrola asarifolia "
"Streptopus  amplexifolius","Streptopus","amplexifolius","","Streptopus amplexifolius "
"Habenaria  obtusa","Habenaria","obtusa","","Habenaria obtusa "
"Parnassia  fimbriata","Parnassia","fimbriata","","Parnassia fimbriata "
"Saxifraga  arguta","Saxifraga","arguta","","Saxifraga arguta "
"Corallorhiza  trifida","Corallorhiza","trifida","","Corallorhiza trifida "
"Epilobium  hornemanii","Epilobium","hornemanii","","Epilobium hornemanii "
"Habenaria  saccata","Habenaria","saccata","","Habenaria saccata "
"Osmorhiza  obtusa","Osmorhiza","obtusa","","Osmorhiza obtusa "
"Astragalus  alpinus","Astragalus","alpinus","","Astragalus alpinus "
"Castilleja  miniata","Castilleja","miniata","","Castilleja miniata "
"Habenaria  hyperborea","Habenaria","hyperborea","","Habenaria hyperborea "
"Hedysarum  occidentale","Hedysarum","occidentale","","Hedysarum occidentale "
"Pedicularis  groenlandica","Pedicularis","groenlandica","","Pedicularis groenlandica "
"Prunella  vulgaris","Prunella","vulgaris","","Prunella vulgaris "
"Stellaria  longipes","Stellaria","longipes","","Stellaria longipes "
"Trifolium  longipes","Trifolium","longipes","","Trifolium longipes "
"Heracleum  lanatum","Heracleum","lanatum","","Heracleum lanatum "
"Smilacina  stellata","Smilacina","stellata","","Smilacina stellata "
"Fragaria","Fragaria","","","Fragaria  "
"Lonicera  involucrata","Lonicera","involucrata","","Lonicera involucrata "
"Arnica  chamissonis?","Arnica","chamissonis?","","Arnica chamissonis? "
"Pachystima  myrsinites","Pachystima","myrsinites","","Pachystima myrsinites "
"Allium  geyeri","Allium","geyeri","","Allium geyeri "
"Haplopappus  croceus","Haplopappus","croceus","","Haplopappus croceus "
"Lupinus  argenteus ?","Lupinus","argenteus","?","Lupinus argenteus ?"
"Sedum  rosea","Sedum","rosea","","Sedum rosea "
"Senecio  bigelovii","Senecio","bigelovii","","Senecio bigelovii "
"Thlaspi  alpestre","Thlaspi","alpestre","","Thlaspi alpestre "
"Valeriana  acutiloba","Valeriana","acutiloba","","Valeriana acutiloba "
"Epilobium  angustifolium","Epilobium","angustifolium","","Epilobium angustifolium "
"Erigeron  coulteri ?","Erigeron","coulteri","?","Erigeron coulteri ?"
"Gentiana  elegans","Gentiana","elegans","","Gentiana elegans "
"Mimulus  guttatus ?","Mimulus","guttatus","?","Mimulus guttatus ?"
"Swertia  perennis","Swertia","perennis","","Swertia perennis "
"Delphinium barbeyi","Delphinium","barbeyi","","Delphinium barbeyi "
"Descurainea richardsonii","Descurainea","richardsonii","","Descurainea richardsonii "
"Draba aurea","Draba","aurea","","Draba aurea "
"Erigeron elatior","Erigeron","elatior","","Erigeron elatior "
"Hydrophyllum fendleri","Hydrophyllum","fendleri","","Hydrophyllum fendleri "
"Ranunculus inamoenus","Ranunculus","inamoenus","","Ranunculus inamoenus "
"Thalictrum fendleri","Thalictrum","fendleri","","Thalictrum fendleri "
"Thlaspi montanum","Thlaspi","montanum","","Thlaspi montanum "
"Valeriana edulis","Valeriana","edulis","","Valeriana edulis "
"Veratrum californicum","Veratrum","californicum","","Veratrum californicum "
"Barbarea vulgaris ?","Barbarea","vulgaris","?","Barbarea vulgaris ?"
"Lupinus","Lupinus","","","Lupinus  "
"Carex","Carex","","","Carex  "
"Gentiana calycosa","Gentiana","calycosa","","Gentiana calycosa "
"Gentiana thermalis???","Gentiana","thermalis???","","Gentiana thermalis??? "
"Salix","Salix","","","Salix  "
"Gentiana heterosepala","Gentiana","heterosepala","","Gentiana heterosepala "
"Campanula rotundifolia","Campanula","rotundifolia","","Campanula rotundifolia "
"Saxifraga cornua","Saxifraga","cornua","","Saxifraga cornua "
"Erigeron subalpinum","Erigeron","subalpinum","","Erigeron subalpinum "
"Castilleja linariaefolia?","Castilleja","linariaefolia?","","Castilleja linariaefolia? "
"Castilleja miniata?","Castilleja","miniata?","","Castilleja miniata? "
"Ipomopsis aggregat","Ipomopsis","aggregat","","Ipomopsis aggregat "
"Phacelia heterosepala","Phacelia","heterosepala","","Phacelia heterosepala "
"Aster?","Aster?","","","Aster?  "
"Gentiana thermalis","Gentiana","thermalis","","Gentiana thermalis "
"grass","grass","","","grass  "
"Potentilla fruiticosa","Potentilla","fruiticosa","","Potentilla fruiticosa "
"Smilacina racemosa","Smilacina","racemosa","","Smilacina racemosa "
"Crucifer","Crucifer","","","Crucifer  "
"Gayophytum ? Nuttallii","Gayophytum","?","Nuttallii","Gayophytum ? Nuttallii"
"Cirsium","Cirsium","","","Cirsium  "
"Erigeron ?","Erigeron","?","","Erigeron ? "
"Hackelia floribunda","Hackelia","floribunda","","Hackelia floribunda "
"Descurainea richarsonii","Descurainea","richarsonii","","Descurainea richarsonii "
"Fragaria ovalis","Fragaria","ovalis","","Fragaria ovalis "
"Linum lewisii","Linum","lewisii","","Linum lewisii "
"Agoseris?","Agoseris?","","","Agoseris?  "
"Orthocarpus luteus","Orthocarpus","luteus","","Orthocarpus luteus "
"small white crucifer","small","white","crucifer","small white crucifer"
"tiny yellow","tiny","yellow","","tiny yellow "
"Agoseris glauca?","Agoseris","glauca?","","Agoseris glauca? "
"Collomia heterophila","Collomia","heterophila","","Collomia heterophila "
"tiny yellow crucifer","tiny","yellow","crucifer","tiny yellow crucifer"
"Artemisia dracunculus","Artemisia","dracunculus","","Artemisia dracunculus "
"Calochortus gunnisoni","Calochortus","gunnisoni","","Calochortus gunnisoni "
"Senecio integerimus","Senecio","integerimus","","Senecio integerimus "
"Erythonium grandiflorum","Erythonium","grandiflorum","","Erythonium grandiflorum "
"Senecio  mutabilis","Senecio","mutabilis","","Senecio mutabilis "
"Castilleja","Castilleja","","","Castilleja  "
"Valeriana","Valeriana","","","Valeriana  "
"Agoseris","Agoseris","","","Agoseris  "
"Valeriana  (edulis?)","Valeriana","(edulis?)","","Valeriana (edulis?) "
"Lupinus  amplus","Lupinus","amplus","","Lupinus amplus "
"Androsace  septentionalis","Androsace","septentionalis","","Androsace septentionalis "
"Viguiera  multiflora","Viguiera","multiflora","","Viguiera multiflora "
"Lithophragma  glabrum","Lithophragma","glabrum","","Lithophragma glabrum "
"Senecio  werneriaefolius? (short)","Senecio","werneriaefolius?","(short)","Senecio werneriaefolius? (short)"
"Agoseris  glauca","Agoseris","glauca","","Agoseris glauca "
"Delphinium  barbeyii","Delphinium","barbeyii","","Delphinium barbeyii "
"Grass","Grass","","","Grass  "
"Aster  engelmanii","Aster","engelmanii","","Aster engelmanii "
"Castilleja  occidentale","Castilleja","occidentale","","Castilleja occidentale "
"Hydrophyllum??","Hydrophyllum??","","","Hydrophyllum??  "
"Minuartia??","Minuartia??","","","Minuartia??  "
"Eriogonum?","Eriogonum?","","","Eriogonum?  "
"Ligusticum ?","Ligusticum","?","","Ligusticum ? "
"Aster  laevis?","Aster","laevis?","","Aster laevis? "
"Polygonum  douglassii","Polygonum","douglassii","","Polygonum douglassii "
"Sedum  lanceolata","Sedum","lanceolata","","Sedum lanceolata "
"Artemesia  dracunculus","Artemesia","dracunculus","","Artemesia dracunculus "
"Melica  spectabilis","Melica","spectabilis","","Melica spectabilis "
"Ranunculus","Ranunculus","","","Ranunculus  "
"Happlopappus  croceus","Happlopappus","croceus","","Happlopappus croceus "
"Chrysopsis  villosus","Chrysopsis","villosus","","Chrysopsis villosus "
"Viola  nuttalii","Viola","nuttalii","","Viola nuttalii "
"Senecio  sp.","Senecio","sp.","","Senecio sp. "
"Taraxacum  officinalis","Taraxacum","officinalis","","Taraxacum officinalis "
"Fragaria  ovale","Fragaria","ovale","","Fragaria ovale "
"grass  Melica-like","grass","Melica-like","","grass Melica-like "
"Happlopappus  parryi","Happlopappus","parryi","","Happlopappus parryi "
"Viola  nutallii","Viola","nutallii","","Viola nutallii "
"Geranium  richardsoni","Geranium","richardsoni","","Geranium richardsoni "
"Valeriana  edulus","Valeriana","edulus","","Valeriana edulus "
"Cardamine  cordifloia","Cardamine","cordifloia","","Cardamine cordifloia "
"Achillea  millifolium","Achillea","millifolium","","Achillea millifolium "
"grass  feathery","grass","feathery","","grass feathery "
"Galium  bifolium","Galium","bifolium","","Galium bifolium "
"Erigeron  flagellaris?","Erigeron","flagellaris?","","Erigeron flagellaris? "
"Erigeron  flagellaris?.1","Erigeron","flagellaris?.1","","Erigeron flagellaris?.1 "
"Erigeron  lavender rays, yellow disk, glabrous bracts","Erigeron  lavender rays, yellow disk, glabrous bracts","Erigeron  lavender rays, yellow disk, glabrous bracts","Erigeron  lavender rays, yellow disk, glabrous bracts","Erigeron  lavender rays, yellow disk, glabrous bracts Erigeron  lavender rays, yellow disk, glabrous bracts Erigeron  lavender rays, yellow disk, glabrous bracts"
"Gentianella  barbellata","Gentianella","barbellata","","Gentianella barbellata "
"grass #3","grass","#3","","grass #3 "
"grass #4","grass","#4","","grass #4 "
"feathery grass","feathery","grass","","feathery grass "
"Carex  geyeri","Carex","geyeri","","Carex geyeri "
"Agoseris  (small orange)","Agoseris","(small","orange)","Agoseris (small orange)"
"tall grass","tall","grass","","tall grass "
"small, low, 5 white petals","small, low, 5 white petals","small, low, 5 white petals","small, low, 5 white petals","small, low, 5 white petals small, low, 5 white petals small, low, 5 white petals"
"grass  short spike","grass","short","spike","grass short spike"
"grass  short spikes","grass","short","spikes","grass short spikes"
"grass  feather","grass","feather","","grass feather "
"grass  spike","grass","spike","","grass spike "
"Wheat","Wheat","","","Wheat  "
"Bromus  nodding","Bromus","nodding","","Bromus nodding "
"Poa  reflexa","Poa","reflexa","","Poa reflexa "
"Delphinium  nelsoni","Delphinium","nelsoni","","Delphinium nelsoni "
"Erigeron  umbellatum","Erigeron","umbellatum","","Erigeron umbellatum "
"Poa","Poa","","","Poa  "
"Artemesia  tridentata","Artemesia","tridentata","","Artemesia tridentata "
"Arabis","Arabis","","","Arabis  "
"Stipa","Stipa","","","Stipa  "
"Erythronium  grandiflora","Erythronium","grandiflora","","Erythronium grandiflora "
"Grass(dark colored spike)","Grass(dark","colored","spike)","Grass(dark colored spike)"
"Grass(light colored spike)","Grass(light","colored","spike)","Grass(light colored spike)"
"Castilleja  (red)","Castilleja","(red)","","Castilleja (red) "
"Erigonium  umbellatum","Erigonium","umbellatum","","Erigonium umbellatum "
"Poa(grass)","Poa(grass)","","","Poa(grass)  "
"Potentilla  fruticosa (just outside plot)","Potentilla  fruticosa (just outside plot)","Potentilla  fruticosa (just outside plot)","Potentilla  fruticosa (just outside plot)","Potentilla  fruticosa (just outside plot) Potentilla  fruticosa (just outside plot) Potentilla  fruticosa (just outside plot)"
"Stipa  lettermanii?","Stipa","lettermanii?","","Stipa lettermanii? "
"Trisetum","Trisetum","","","Trisetum  "
"Erigeron  fuzzy","Erigeron","fuzzy","","Erigeron fuzzy "
"Aconitum  columbinaum","Aconitum","columbinaum","","Aconitum columbinaum "
"Bromus  (nodding)","Bromus","(nodding)","","Bromus (nodding) "
"Grass  (wheat)","Grass","(wheat)","","Grass (wheat) "
"Valeriana  acutiloba / edulis","Valeriana  acutiloba / edulis","Valeriana  acutiloba / edulis","Valeriana  acutiloba / edulis","Valeriana  acutiloba / edulis Valeriana  acutiloba / edulis Valeriana  acutiloba / edulis"
"spike, yellow anthers  (grass)","spike, yellow anthers  (grass)","spike, yellow anthers  (grass)","spike, yellow anthers  (grass)","spike, yellow anthers  (grass) spike, yellow anthers  (grass) spike, yellow anthers  (grass)"
"Stipa  lettermani","Stipa","lettermani","","Stipa lettermani "
"Campunula  rotundifolia","Campunula","rotundifolia","","Campunula rotundifolia "
"Deschampsia  caespitosa","Deschampsia","caespitosa","","Deschampsia caespitosa "
"Cirsium  hookerianum?","Cirsium","hookerianum?","","Cirsium hookerianum? "
"Polygonum  aviculare","Polygonum","aviculare","","Polygonum aviculare "
"Ligisticum  porteri","Ligisticum","porteri","","Ligisticum porteri "
"Poa  ?","Poa","?","","Poa ? "
"Silene  scouleri","Silene","scouleri","","Silene scouleri "
"annual","annual","","","annual  "
"Erigeron  sp.","Erigeron","sp.","","Erigeron sp. "
"Elymus","Elymus","","","Elymus  "
"Haplopapus  croceus","Haplopapus","croceus","","Haplopapus croceus "
"Lupinus  amplus-N plant","Lupinus","amplus-N","plant","Lupinus amplus-N plant"
"Lupinus  amplus-S plant","Lupinus","amplus-S","plant","Lupinus amplus-S plant"
"grass #1","grass","#1","","grass #1 "
"grass #2","grass","#2","","grass #2 "
"Bromus","Bromus","","","Bromus  "
"Geranium","Geranium","","","Geranium  "
"Chenopodium  album?","Chenopodium","album?","","Chenopodium album? "
"Draba  nemorosa","Draba","nemorosa","","Draba nemorosa "
"Poa?","Poa?","","","Poa?  "
"annual  [Probably Galium bifolium - dwi 3/22/03]","annual  [Probably Galium bifolium - dwi 3/22/03]","annual  [Probably Galium bifolium - dwi 3/22/03]","annual  [Probably Galium bifolium - dwi 3/22/03]","annual  [Probably Galium bifolium - dwi 3/22/03] annual  [Probably Galium bifolium - dwi 3/22/03] annual  [Probably Galium bifolium - dwi 3/22/03]"
"spike grass","spike","grass","","spike grass "
"Hydrophyllum  captitatum","Hydrophyllum","captitatum","","Hydrophyllum captitatum "
"Epilobium  lactiflorum","Epilobium","lactiflorum","","Epilobium lactiflorum "
"Carex  species B","Carex","species","B","Carex species B"
"Draba","Draba","","","Draba  "
"Mertensia","Mertensia","","","Mertensia  "
"grass (wheat)","grass","(wheat)","","grass (wheat) "
"Phleum","Phleum","","","Phleum  "
"Antennaria parvifolia","Antennaria","parvifolia","","Antennaria parvifolia "
"grass  reddish","grass","reddish","","grass reddish "
"Castilleja  red","Castilleja","red","","Castilleja red "
"Carex sp. B","Carex","sp.","B","Carex sp. B"
"Aster","Aster","","","Aster  "
"grass  compact head (Phleum?)","grass  compact head (Phleum?)","grass  compact head (Phleum?)","grass  compact head (Phleum?)","grass  compact head (Phleum?) grass  compact head (Phleum?) grass  compact head (Phleum?)"
"grass  long awns","grass","long","awns","grass long awns"
"grass  wheat","grass","wheat","","grass wheat "
"Erigeron  elatior ? (fuzzy bracts)","Erigeron  elatior ? (fuzzy bracts)","Erigeron  elatior ? (fuzzy bracts)","Erigeron  elatior ? (fuzzy bracts)","Erigeron  elatior ? (fuzzy bracts) Erigeron  elatior ? (fuzzy bracts) Erigeron  elatior ? (fuzzy bracts)"
"Arabis  not drummondii?","Arabis","not","drummondii?","Arabis not drummondii?"
"unknown, yellow flower, tiny plant","unknown, yellow flower, tiny plant","unknown, yellow flower, tiny plant","unknown, yellow flower, tiny plant","unknown, yellow flower, tiny plant unknown, yellow flower, tiny plant unknown, yellow flower, tiny plant"
"Senecio  streptanthefolius??","Senecio","streptanthefolius??","","Senecio streptanthefolius?? "
"grass - spike","grass","-","spike","grass - spike"
"grass - spikes","grass","-","spikes","grass - spikes"
"Erigeron  sp. (fuzzy bracts)","Erigeron  sp. (fuzzy bracts)","Erigeron  sp. (fuzzy bracts)","Erigeron  sp. (fuzzy bracts)","Erigeron  sp. (fuzzy bracts) Erigeron  sp. (fuzzy bracts) Erigeron  sp. (fuzzy bracts)"
"Plantago","Plantago","","","Plantago  "
"Arabis  glabra","Arabis","glabra","","Arabis glabra "
"Lychnis  apetala","Lychnis","apetala","","Lychnis apetala "
"Elymus?","Elymus?","","","Elymus?  "
"grass  Poa-like","grass","Poa-like","","grass Poa-like "
"grass with long sheath  almost as long as inflorescence","grass with long sheath  almost as long as inflorescence","grass with long sheath  almost as long as inflorescence","grass with long sheath  almost as long as inflorescence","grass with long sheath  almost as long as inflorescence grass with long sheath  almost as long as inflorescence grass with long sheath  almost as long as inflorescence"
"Poa?  reflexa?","Poa?","reflexa?","","Poa? reflexa? "
"Valeriana  capitata","Valeriana","capitata","","Valeriana capitata "
"Ranunculus  repens","Ranunculus","repens","","Ranunculus repens "
"Achillea  lanulosa","Achillea","lanulosa","","Achillea lanulosa "
"Pneumonanthe  parryi","Pneumonanthe","parryi","","Pneumonanthe parryi "
"Senecio  integerrimus (tall)","Senecio","integerrimus","(tall)","Senecio integerrimus (tall)"
"Carex ?  species","Carex","?","species","Carex ? species"
"Valeriana  edulis.1","Valeriana","edulis.1","","Valeriana edulis.1 "
"Ranunculus  repens?","Ranunculus","repens?","","Ranunculus repens? "
"Mis-identified","Mis-identified","","","Mis-identified  "
"Arabis  drummondii (purple flowers)","Arabis  drummondii (purple flowers)","Arabis  drummondii (purple flowers)","Arabis  drummondii (purple flowers)","Arabis  drummondii (purple flowers) Arabis  drummondii (purple flowers) Arabis  drummondii (purple flowers)"
"grass - wheat grass","grass - wheat grass","grass - wheat grass","grass - wheat grass","grass - wheat grass grass - wheat grass grass - wheat grass"
"grass - nodding brome","grass - nodding brome","grass - nodding brome","grass - nodding brome","grass - nodding brome grass - nodding brome grass - nodding brome"
"Mertensia  fusiformis","Mertensia","fusiformis","","Mertensia fusiformis "
"nodding brome","nodding","brome","","nodding brome "
"Polygonum  douglassi","Polygonum","douglassi","","Polygonum douglassi "
"Tragopogon  dubius","Tragopogon","dubius","","Tragopogon dubius "
"Valeriana  capitatum","Valeriana","capitatum","","Valeriana capitatum "
"Arabis - small pink flowers","Arabis - small pink flowers","Arabis - small pink flowers","Arabis - small pink flowers","Arabis - small pink flowers Arabis - small pink flowers Arabis - small pink flowers"
"Dephinium  barbeyi","Dephinium","barbeyi","","Dephinium barbeyi "
"Deschampsia? - pearl grass","Deschampsia? - pearl grass","Deschampsia? - pearl grass","Deschampsia? - pearl grass","Deschampsia? - pearl grass Deschampsia? - pearl grass Deschampsia? - pearl grass"
"Aster  engelmanii ?","Aster","engelmanii","?","Aster engelmanii ?"
"Smilicina  stellata?","Smilicina","stellata?","","Smilicina stellata? "
"Erigeron  elatior?","Erigeron","elatior?","","Erigeron elatior? "
"grass - dense head","grass - dense head","grass - dense head","grass - dense head","grass - dense head grass - dense head grass - dense head"
"Arenaria  fendleri (ID by Barb Frase)","Arenaria  fendleri (ID by Barb Frase)","Arenaria  fendleri (ID by Barb Frase)","Arenaria  fendleri (ID by Barb Frase)","Arenaria  fendleri (ID by Barb Frase) Arenaria  fendleri (ID by Barb Frase) Arenaria  fendleri (ID by Barb Frase)"
"grass - long awns","grass - long awns","grass - long awns","grass - long awns","grass - long awns grass - long awns grass - long awns"
"grass - Poa-like, NW corner","grass - Poa-like, NW corner","grass - Poa-like, NW corner","grass - Poa-like, NW corner","grass - Poa-like, NW corner grass - Poa-like, NW corner grass - Poa-like, NW corner"
"Ranunculus?","Ranunculus?","","","Ranunculus?  "
"grass - long awns.1","grass - long awns.1","grass - long awns.1","grass - long awns.1","grass - long awns.1 grass - long awns.1 grass - long awns.1"
"Poa  sp.","Poa","sp.","","Poa sp. "
"grass - Poa?  SE corner","grass - Poa?  SE corner","grass - Poa?  SE corner","grass - Poa?  SE corner","grass - Poa?  SE corner grass - Poa?  SE corner grass - Poa?  SE corner"
"grass - purple, stiff, mostly in NE corner","grass - purple, stiff, mostly in NE corner","grass - purple, stiff, mostly in NE corner","grass - purple, stiff, mostly in NE corner","grass - purple, stiff, mostly in NE corner grass - purple, stiff, mostly in NE corner grass - purple, stiff, mostly in NE corner"
"grass - purple, stiff","grass - purple, stiff","grass - purple, stiff","grass - purple, stiff","grass - purple, stiff grass - purple, stiff grass - purple, stiff"
"Senecio  werneriaefolius","Senecio","werneriaefolius","","Senecio werneriaefolius "
"grass -  wheat grass","grass -  wheat grass","grass -  wheat grass","grass -  wheat grass","grass -  wheat grass grass -  wheat grass grass -  wheat grass"
"umbel  just outside S corner","umbel  just outside S corner","umbel  just outside S corner","umbel  just outside S corner","umbel  just outside S corner umbel  just outside S corner umbel  just outside S corner"
"grass - Poa?, tall, inflorescence spread out","grass - Poa?, tall, inflorescence spread out","grass - Poa?, tall, inflorescence spread out","grass - Poa?, tall, inflorescence spread out","grass - Poa?, tall, inflorescence spread out grass - Poa?, tall, inflorescence spread out grass - Poa?, tall, inflorescence spread out"
"Descurainia  richardsonii","Descurainia","richardsonii","","Descurainia richardsonii "
"Cirsium  parryi","Cirsium","parryi","","Cirsium parryi "
"Eyrthronium  grandiflorum","Eyrthronium","grandiflorum","","Eyrthronium grandiflorum "
"Agoseris  glauca(?)","Agoseris","glauca(?)","","Agoseris glauca(?) "
"grass, long awns","grass,","long","awns","grass, long awns"
"grass - tight head, short anthers","grass - tight head, short anthers","grass - tight head, short anthers","grass - tight head, short anthers","grass - tight head, short anthers grass - tight head, short anthers grass - tight head, short anthers"
"Arabis  pink, tiny flowers","Arabis  pink, tiny flowers","Arabis  pink, tiny flowers","Arabis  pink, tiny flowers","Arabis  pink, tiny flowers Arabis  pink, tiny flowers Arabis  pink, tiny flowers"
"Bromus - nodding","Bromus","-","nodding","Bromus - nodding"
"Arabis - small pink-flowered species","Arabis - small pink-flowered species","Arabis - small pink-flowered species","Arabis - small pink-flowered species","Arabis - small pink-flowered species Arabis - small pink-flowered species Arabis - small pink-flowered species"
"Deschampsia?? (pearl grass??)","Deschampsia??","(pearl","grass??)","Deschampsia?? (pearl grass??)"
"Bromus  nodding brome","Bromus","nodding","brome","Bromus nodding brome"
"Arabis - small pink flowers  drummondii","Arabis - small pink flowers  drummondii","Arabis - small pink flowers  drummondii","Arabis - small pink flowers  drummondii","Arabis - small pink flowers  drummondii Arabis - small pink flowers  drummondii Arabis - small pink flowers  drummondii"
"Carex  geyeri?","Carex","geyeri?","","Carex geyeri? "
"Aster  engelmanii?","Aster","engelmanii?","","Aster engelmanii? "
"Senecio  low species","Senecio","low","species","Senecio low species"
"grass -  compact elongated heads","grass -  compact elongated heads","grass -  compact elongated heads","grass -  compact elongated heads","grass -  compact elongated heads grass -  compact elongated heads grass -  compact elongated heads"
"Melandrium","Melandrium","","","Melandrium  "
"Deschampsia?  SE corner","Deschampsia?","SE","corner","Deschampsia? SE corner"
"grass - tight, elongated head","grass - tight, elongated head","grass - tight, elongated head","grass - tight, elongated head","grass - tight, elongated head grass - tight, elongated head grass - tight, elongated head"
"grass - wheat grass? tall","grass - wheat grass? tall","grass - wheat grass? tall","grass - wheat grass? tall","grass - wheat grass? tall grass - wheat grass? tall grass - wheat grass? tall"
"wheat grass","wheat","grass","","wheat grass "
"Arabis  drummondii.1","Arabis","drummondii.1","","Arabis drummondii.1 "
"Bromus?  tall, heavy heads","Bromus?  tall, heavy heads","Bromus?  tall, heavy heads","Bromus?  tall, heavy heads","Bromus?  tall, heavy heads Bromus?  tall, heavy heads Bromus?  tall, heavy heads"
"Salix sp.","Salix","sp.","","Salix sp. "
"Artemisia  dracunuculus","Artemisia","dracunuculus","","Artemisia dracunuculus "
"Poa sp. #2, stiffer, taller, coarser","Poa sp. #2, stiffer, taller, coarser","Poa sp. #2, stiffer, taller, coarser","Poa sp. #2, stiffer, taller, coarser","Poa sp. #2, stiffer, taller, coarser Poa sp. #2, stiffer, taller, coarser Poa sp. #2, stiffer, taller, coarser"
"grass - long awns, tight head","grass - long awns, tight head","grass - long awns, tight head","grass - long awns, tight head","grass - long awns, tight head grass - long awns, tight head grass - long awns, tight head"
"grass - Poa species #2?  NW corner","grass - Poa species #2?  NW corner","grass - Poa species #2?  NW corner","grass - Poa species #2?  NW corner","grass - Poa species #2?  NW corner grass - Poa species #2?  NW corner grass - Poa species #2?  NW corner"
"grass - slightly spreading, yellow anthers, tall, NW corner","grass - slightly spreading, yellow anthers, tall, NW corner","grass - slightly spreading, yellow anthers, tall, NW corner","grass - slightly spreading, yellow anthers, tall, NW corner","grass - slightly spreading, yellow anthers, tall, NW corner grass - slightly spreading, yellow anthers, tall, NW corner grass - slightly spreading, yellow anthers, tall, NW corner"
"grass - green or slightly reddish  pretty tight spikes, total 19 stalks, N and S sides","grass - green or slightly reddish  pretty tight spikes, total 19 stalks, N and S sides","grass - green or slightly reddish  pretty tight spikes, total 19 stalks, N and S sides","grass - green or slightly reddish  pretty tight spikes, total 19 stalks, N and S sides","grass - green or slightly reddish  pretty tight spikes, total 19 stalks, N and S sides grass - green or slightly reddish  pretty tight spikes, total 19 stalks, N and S sides grass - green or slightly reddish  pretty tight spikes, total 19 stalks, N and S sides"
"purple aster","purple","aster","","purple aster "
"grass - long awns, all green, tall","grass - long awns, all green, tall","grass - long awns, all green, tall","grass - long awns, all green, tall","grass - long awns, all green, tall grass - long awns, all green, tall grass - long awns, all green, tall"
"Bromus  upright","Bromus","upright","","Bromus upright "
"grass - long awns, tall","grass - long awns, tall","grass - long awns, tall","grass - long awns, tall","grass - long awns, tall grass - long awns, tall grass - long awns, tall"
"grass, long awns, tight spike","grass, long awns, tight spike","grass, long awns, tight spike","grass, long awns, tight spike","grass, long awns, tight spike grass, long awns, tight spike grass, long awns, tight spike"
"Carex species  not geyeri or simulata?","Carex species  not geyeri or simulata?","Carex species  not geyeri or simulata?","Carex species  not geyeri or simulata?","Carex species  not geyeri or simulata? Carex species  not geyeri or simulata? Carex species  not geyeri or simulata?"
"grass - tall bunch grass, E side","grass - tall bunch grass, E side","grass - tall bunch grass, E side","grass - tall bunch grass, E side","grass - tall bunch grass, E side grass - tall bunch grass, E side grass - tall bunch grass, E side"
"Elymus  ""wheat grass""","Elymus","""wheat","grass""","Elymus ""wheat grass"""
"grass - tall bunch grass, N side (Poa?)","grass - tall bunch grass, N side (Poa?)","grass - tall bunch grass, N side (Poa?)","grass - tall bunch grass, N side (Poa?)","grass - tall bunch grass, N side (Poa?) grass - tall bunch grass, N side (Poa?) grass - tall bunch grass, N side (Poa?)"
"grass - short, tight heads","grass - short, tight heads","grass - short, tight heads","grass - short, tight heads","grass - short, tight heads grass - short, tight heads grass - short, tight heads"
"Senecio  tall species","Senecio","tall","species","Senecio tall species"
"Toal flowers","Toal","flowers","","Toal flowers "
"grass - bunchgrass, NE corner","grass - bunchgrass, NE corner","grass - bunchgrass, NE corner","grass - bunchgrass, NE corner","grass - bunchgrass, NE corner grass - bunchgrass, NE corner grass - bunchgrass, NE corner"
"grass - heavy heads, drooping some, large flowers","grass - heavy heads, drooping some, large flowers","grass - heavy heads, drooping some, large flowers","grass - heavy heads, drooping some, large flowers","grass - heavy heads, drooping some, large flowers grass - heavy heads, drooping some, large flowers grass - heavy heads, drooping some, large flowers"
"Elymus (""wheat grass"")","Elymus","(""wheat","grass"")","Elymus (""wheat grass"")"
"Lupinus  not amplus - small flowers, darker leaves, smaller plant","Lupinus  not amplus - small flowers, darker leaves, smaller plant","Lupinus  not amplus - small flowers, darker leaves, smaller plant","Lupinus  not amplus - small flowers, darker leaves, smaller plant","Lupinus  not amplus - small flowers, darker leaves, smaller plant Lupinus  not amplus - small flowers, darker leaves, smaller plant Lupinus  not amplus - small flowers, darker leaves, smaller plant"
"grass, medium awns, tight spike  S end of plot","grass, medium awns, tight spike  S end of plot","grass, medium awns, tight spike  S end of plot","grass, medium awns, tight spike  S end of plot","grass, medium awns, tight spike  S end of plot grass, medium awns, tight spike  S end of plot grass, medium awns, tight spike  S end of plot"
"grass - tall bunch grass, NE corner","grass - tall bunch grass, NE corner","grass - tall bunch grass, NE corner","grass - tall bunch grass, NE corner","grass - tall bunch grass, NE corner grass - tall bunch grass, NE corner grass - tall bunch grass, NE corner"
"Aster  foliaceus","Aster","foliaceus","","Aster foliaceus "
"grass - pearl grass?  NE corner","grass - pearl grass?  NE corner","grass - pearl grass?  NE corner","grass - pearl grass?  NE corner","grass - pearl grass?  NE corner grass - pearl grass?  NE corner grass - pearl grass?  NE corner"
"Poa species #2 - bigger glumes","Poa species #2 - bigger glumes","Poa species #2 - bigger glumes","Poa species #2 - bigger glumes","Poa species #2 - bigger glumes Poa species #2 - bigger glumes Poa species #2 - bigger glumes"
"grass - long tight heads, middle of plot","grass - long tight heads, middle of plot","grass - long tight heads, middle of plot","grass - long tight heads, middle of plot","grass - long tight heads, middle of plot grass - long tight heads, middle of plot grass - long tight heads, middle of plot"
"Carex  same species as RM9","Carex  same species as RM9","Carex  same species as RM9","Carex  same species as RM9","Carex  same species as RM9 Carex  same species as RM9 Carex  same species as RM9"
"grass - short tight heads, robust","grass - short tight heads, robust","grass - short tight heads, robust","grass - short tight heads, robust","grass - short tight heads, robust grass - short tight heads, robust grass - short tight heads, robust"
"Epilobium  annual species","Epilobium","annual","species","Epilobium annual species"
"grass - short tight heads, like an unexpanded Poa, small glumes","grass - short tight heads, like an unexpanded Poa, small glumes","grass - short tight heads, like an unexpanded Poa, small glumes","grass - short tight heads, like an unexpanded Poa, small glumes","grass - short tight heads, like an unexpanded Poa, small glumes grass - short tight heads, like an unexpanded Poa, small glumes grass - short tight heads, like an unexpanded Poa, small glumes"
"grass - slightly spreading, yellow anthers, tall, NW corner  reddish color in glumes","grass - slightly spreading, yellow anthers, tall, NW corner  reddish color in glumes","grass - slightly spreading, yellow anthers, tall, NW corner  reddish color in glumes","grass - slightly spreading, yellow anthers, tall, NW corner  reddish color in glumes","grass - slightly spreading, yellow anthers, tall, NW corner  reddish color in glumes grass - slightly spreading, yellow anthers, tall, NW corner  reddish color in glumes grass - slightly spreading, yellow anthers, tall, NW corner  reddish color in glumes"
"grass - robust, short, compact, East of rock in middle","grass - robust, short, compact, East of rock in middle","grass - robust, short, compact, East of rock in middle","grass - robust, short, compact, East of rock in middle","grass - robust, short, compact, East of rock in middle grass - robust, short, compact, East of rock in middle grass - robust, short, compact, East of rock in middle"
"grass - slightly spreading, reddish  like grass in plot #4, in NE corner","grass - slightly spreading, reddish  like grass in plot #4, in NE corner","grass - slightly spreading, reddish  like grass in plot #4, in NE corner","grass - slightly spreading, reddish  like grass in plot #4, in NE corner","grass - slightly spreading, reddish  like grass in plot #4, in NE corner grass - slightly spreading, reddish  like grass in plot #4, in NE corner grass - slightly spreading, reddish  like grass in plot #4, in NE corner"
"grass - tight head, smaller glumes than reddish grass; N side and middle","grass - tight head, smaller glumes than reddish grass; N side and middle","grass - tight head, smaller glumes than reddish grass; N side and middle","grass - tight head, smaller glumes than reddish grass; N side and middle","grass - tight head, smaller glumes than reddish grass; N side and middle grass - tight head, smaller glumes than reddish grass; N side and middle grass - tight head, smaller glumes than reddish grass; N side and middle"
"grass, tight heads, west side","grass, tight heads, west side","grass, tight heads, west side","grass, tight heads, west side","grass, tight heads, west side grass, tight heads, west side grass, tight heads, west side"
"Trifolium  hybridum","Trifolium","hybridum","","Trifolium hybridum "
"Bromus - nodding brome","Bromus - nodding brome","Bromus - nodding brome","Bromus - nodding brome","Bromus - nodding brome Bromus - nodding brome Bromus - nodding brome"
"Chenopodium  album","Chenopodium","album","","Chenopodium album "
"Agropyron trachycaulus (""wheat grass"")","Agropyron trachycaulus (""wheat grass"")","Agropyron trachycaulus (""wheat grass"")","Agropyron trachycaulus (""wheat grass"")","Agropyron trachycaulus (""wheat grass"") Agropyron trachycaulus (""wheat grass"") Agropyron trachycaulus (""wheat grass"")"
"Bromopsis ceratochloa carinatus?","Bromopsis","ceratochloa","carinatus?","Bromopsis ceratochloa carinatus?"
"Ceratochloa carinata (nodding brome)","Ceratochloa carinata (nodding brome)","Ceratochloa carinata (nodding brome)","Ceratochloa carinata (nodding brome)","Ceratochloa carinata (nodding brome) Ceratochloa carinata (nodding brome) Ceratochloa carinata (nodding brome)"
"Stipa nelsoni?  long awns","Stipa nelsoni?  long awns","Stipa nelsoni?  long awns","Stipa nelsoni?  long awns","Stipa nelsoni?  long awns Stipa nelsoni?  long awns Stipa nelsoni?  long awns"
"Agropyron","Agropyron","","","Agropyron  "
"Gentianopis calycosa","Gentianopis","calycosa","","Gentianopis calycosa "
"grass - long tight head, medium-long awns, SE corner","grass - long tight head, medium-long awns, SE corner","grass - long tight head, medium-long awns, SE corner","grass - long tight head, medium-long awns, SE corner","grass - long tight head, medium-long awns, SE corner grass - long tight head, medium-long awns, SE corner grass - long tight head, medium-long awns, SE corner"
"Ceratochloa carinata","Ceratochloa","carinata","","Ceratochloa carinata "
"grass - spike, long awns, 1/3 down leaf blade","grass - spike, long awns, 1/3 down leaf blade","grass - spike, long awns, 1/3 down leaf blade","grass - spike, long awns, 1/3 down leaf blade","grass - spike, long awns, 1/3 down leaf blade grass - spike, long awns, 1/3 down leaf blade grass - spike, long awns, 1/3 down leaf blade"
"Festuca?","Festuca?","","","Festuca?  "
"Elymus elymoides","Elymus","elymoides","","Elymus elymoides "
"Poa pratensis","Poa","pratensis","","Poa pratensis "
"Orobanche uniflora","Orobanche","uniflora","","Orobanche uniflora "
"Chenopodium","Chenopodium","","","Chenopodium  "
"Descurainea richardsoni","Descurainea","richardsoni","","Descurainea richardsoni "
"Lupinus argenteus","Lupinus","argenteus","","Lupinus argenteus "
"Pyrrocoma (Haplopappus) crocea","Pyrrocoma","(Haplopappus)","crocea","Pyrrocoma (Haplopappus) crocea"
"Salix brachycarpa (monticola?)","Salix","brachycarpa","(monticola?)","Salix brachycarpa (monticola?)"
"Ceratochloa carinatus","Ceratochloa","carinatus","","Ceratochloa carinatus "
"Phleum commutatum","Phleum","commutatum","","Phleum commutatum "
"Stipa nelsonii?","Stipa","nelsonii?","","Stipa nelsonii? "
"Stipa nelsoni (grass with long awns)","Stipa nelsoni (grass with long awns)","Stipa nelsoni (grass with long awns)","Stipa nelsoni (grass with long awns)","Stipa nelsoni (grass with long awns) Stipa nelsoni (grass with long awns) Stipa nelsoni (grass with long awns)"
"Agropyron trachycaulus","Agropyron","trachycaulus","","Agropyron trachycaulus "
"Delpinium barbeyi","Delpinium","barbeyi","","Delpinium barbeyi "
"Dugaldia (Helenium) hoopsii","Dugaldia","(Helenium)","hoopsii","Dugaldia (Helenium) hoopsii"
"Veratrum tenuipetalum","Veratrum","tenuipetalum","","Veratrum tenuipetalum "
"Fragaria virginiana","Fragaria","virginiana","","Fragaria virginiana "
"Helianthella quinquenervis.1","Helianthella","quinquenervis.1","","Helianthella quinquenervis.1 "
"Heliomeris multiflora","Heliomeris","multiflora","","Heliomeris multiflora "
"Ligularia (Senecio) bigelovii","Ligularia","(Senecio)","bigelovii","Ligularia (Senecio) bigelovii"
"Oreochrysum (Haplopappus) parryi","Oreochrysum","(Haplopappus)","parryi","Oreochrysum (Haplopappus) parryi"
"Polygonum aviculare (Weber's engelmanii?)","Polygonum aviculare (Weber's engelmanii?)","Polygonum aviculare (Weber's engelmanii?)","Polygonum aviculare (Weber's engelmanii?)","Polygonum aviculare (Weber's engelmanii?) Polygonum aviculare (Weber's engelmanii?) Polygonum aviculare (Weber's engelmanii?)"
"Taraxacum","Taraxacum","","","Taraxacum  "
"unknown #1","unknown","#1","","unknown #1 "
"Viola","Viola","","","Viola  "
"Gastrolychnis drummondii (maybe Silene antirrhina?)","Gastrolychnis drummondii (maybe Silene antirrhina?)","Gastrolychnis drummondii (maybe Silene antirrhina?)","Gastrolychnis drummondii (maybe Silene antirrhina?)","Gastrolychnis drummondii (maybe Silene antirrhina?) Gastrolychnis drummondii (maybe Silene antirrhina?) Gastrolychnis drummondii (maybe Silene antirrhina?)"
"grass, tight inflorescence, leaf sheath 2"" taller than inflorescence","grass, tight inflorescence, leaf sheath 2"" taller than inflorescence","grass, tight inflorescence, leaf sheath 2"" taller than inflorescence","grass, tight inflorescence, leaf sheath 2"" taller than inflorescence","grass, tight inflorescence, leaf sheath 2"" taller than inflorescence grass, tight inflorescence, leaf sheath 2"" taller than inflorescence grass, tight inflorescence, leaf sheath 2"" taller than inflorescence"
"Heterotheca (Chrysopsis) villosa","Heterotheca","(Chrysopsis)","villosa","Heterotheca (Chrysopsis) villosa"
"grass, leaf blade below inflorescence about 8"" long, about 2"" taller than inflorescence, tighter inflorescence than Poa, big anthers (a bit reddish)","grass, leaf blade below inflorescence about 8"" long, about 2"" taller than inflorescence, tighter inflorescence than Poa, big anthers (a bit reddish)","grass, leaf blade below inflorescence about 8"" long, about 2"" taller than inflorescence, tighter inflorescence than Poa, big anthers (a bit reddish)","grass, leaf blade below inflorescence about 8"" long, about 2"" taller than inflorescence, tighter inflorescence than Poa, big anthers (a bit reddish)","grass, leaf blade below inflorescence about 8"" long, about 2"" taller than inflorescence, tighter inflorescence than Poa, big anthers (a bit reddish) grass, leaf blade below inflorescence about 8"" long, about 2"" taller than inflorescence, tighter inflorescence than Poa, big anthers (a bit reddish) grass, leaf blade below inflorescence about 8"" long, about 2"" taller than inflorescence, tighter inflorescence than Poa, big anthers (a bit reddish)"
"Ligusticum poteri","Ligusticum","poteri","","Ligusticum poteri "
"Epilobium brachycarpum","Epilobium","brachycarpum","","Epilobium brachycarpum "
"grass, NW corner and N side, big yellow anthers, blade longer than inflorescence","grass, NW corner and N side, big yellow anthers, blade longer than inflorescence","grass, NW corner and N side, big yellow anthers, blade longer than inflorescence","grass, NW corner and N side, big yellow anthers, blade longer than inflorescence","grass, NW corner and N side, big yellow anthers, blade longer than inflorescence grass, NW corner and N side, big yellow anthers, blade longer than inflorescence grass, NW corner and N side, big yellow anthers, blade longer than inflorescence"
"Senecio integerrimus","Senecio","integerrimus","","Senecio integerrimus "
"grass, Poa-like but short (< 6""), inflorescence barely emerging from sheath","grass, Poa-like but short (< 6""), inflorescence barely emerging from sheath","grass, Poa-like but short (< 6""), inflorescence barely emerging from sheath","grass, Poa-like but short (< 6""), inflorescence barely emerging from sheath","grass, Poa-like but short (< 6""), inflorescence barely emerging from sheath grass, Poa-like but short (< 6""), inflorescence barely emerging from sheath grass, Poa-like but short (< 6""), inflorescence barely emerging from sheath"
"grass, NE corner, reddish node, inflorescence tighter than Poa, larger glumes","grass, NE corner, reddish node, inflorescence tighter than Poa, larger glumes","grass, NE corner, reddish node, inflorescence tighter than Poa, larger glumes","grass, NE corner, reddish node, inflorescence tighter than Poa, larger glumes","grass, NE corner, reddish node, inflorescence tighter than Poa, larger glumes grass, NE corner, reddish node, inflorescence tighter than Poa, larger glumes grass, NE corner, reddish node, inflorescence tighter than Poa, larger glumes"
"Galium septentrionale","Galium","septentrionale","","Galium septentrionale "
"Anticlea (Zygadenus) elegans","Anticlea","(Zygadenus)","elegans","Anticlea (Zygadenus) elegans"
"Descurainea richarsoni","Descurainea","richarsoni","","Descurainea richarsoni "
"Heliomeris (Viguiera) multiflora","Heliomeris","(Viguiera)","multiflora","Heliomeris (Viguiera) multiflora"
"Thaspi montanum","Thaspi","montanum","","Thaspi montanum "
"Agropyron trachycaulus.1","Agropyron","trachycaulus.1","","Agropyron trachycaulus.1 "
"Poa - very short stalks","Poa - very short stalks","Poa - very short stalks","Poa - very short stalks","Poa - very short stalks Poa - very short stalks Poa - very short stalks"
"Salix species","Salix","species","","Salix species "
"Poa species? 3 feet tall, small flowers","Poa species? 3 feet tall, small flowers","Poa species? 3 feet tall, small flowers","Poa species? 3 feet tall, small flowers","Poa species? 3 feet tall, small flowers Poa species? 3 feet tall, small flowers Poa species? 3 feet tall, small flowers"
"Thlaspi montanum (Noccaea montana)","Thlaspi montanum (Noccaea montana)","Thlaspi montanum (Noccaea montana)","Thlaspi montanum (Noccaea montana)","Thlaspi montanum (Noccaea montana) Thlaspi montanum (Noccaea montana) Thlaspi montanum (Noccaea montana)"
"grass, middle of west side, bunchgrass, Poa-like but more robust","grass, middle of west side, bunchgrass, Poa-like but more robust","grass, middle of west side, bunchgrass, Poa-like but more robust","grass, middle of west side, bunchgrass, Poa-like but more robust","grass, middle of west side, bunchgrass, Poa-like but more robust grass, middle of west side, bunchgrass, Poa-like but more robust grass, middle of west side, bunchgrass, Poa-like but more robust"
"Poa?  Fat flowers, inflorescence very spread out","Poa?  Fat flowers, inflorescence very spread out","Poa?  Fat flowers, inflorescence very spread out","Poa?  Fat flowers, inflorescence very spread out","Poa?  Fat flowers, inflorescence very spread out Poa?  Fat flowers, inflorescence very spread out Poa?  Fat flowers, inflorescence very spread out"
"grass, middle of plot, tight heads, medium-length awns","grass, middle of plot, tight heads, medium-length awns","grass, middle of plot, tight heads, medium-length awns","grass, middle of plot, tight heads, medium-length awns","grass, middle of plot, tight heads, medium-length awns grass, middle of plot, tight heads, medium-length awns grass, middle of plot, tight heads, medium-length awns"
"grass, NW corner, like a big, spreading Poa, big flowers (same as in WM4)","grass, NW corner, like a big, spreading Poa, big flowers (same as in WM4)","grass, NW corner, like a big, spreading Poa, big flowers (same as in WM4)","grass, NW corner, like a big, spreading Poa, big flowers (same as in WM4)","grass, NW corner, like a big, spreading Poa, big flowers (same as in WM4) grass, NW corner, like a big, spreading Poa, big flowers (same as in WM4) grass, NW corner, like a big, spreading Poa, big flowers (same as in WM4)"
"Cirsium scopulorum","Cirsium","scopulorum","","Cirsium scopulorum "
"grass - W side, giant Poa??","grass - W side, giant Poa??","grass - W side, giant Poa??","grass - W side, giant Poa??","grass - W side, giant Poa?? grass - W side, giant Poa?? grass - W side, giant Poa??"
"Lupinus prunophyllus","Lupinus","prunophyllus","","Lupinus prunophyllus "
"grass - pearl grass?","grass - pearl grass?","grass - pearl grass?","grass - pearl grass?","grass - pearl grass? grass - pearl grass? grass - pearl grass?"
"Agropyron trachycaulus (wheat grass)","Agropyron trachycaulus (wheat grass)","Agropyron trachycaulus (wheat grass)","Agropyron trachycaulus (wheat grass)","Agropyron trachycaulus (wheat grass) Agropyron trachycaulus (wheat grass) Agropyron trachycaulus (wheat grass)"
"Bromopsis ceratochloa carinatus","Bromopsis","ceratochloa","carinatus","Bromopsis ceratochloa carinatus"
"Elymus elymoides (""squirrel tail grass"")","Elymus elymoides (""squirrel tail grass"")","Elymus elymoides (""squirrel tail grass"")","Elymus elymoides (""squirrel tail grass"")","Elymus elymoides (""squirrel tail grass"") Elymus elymoides (""squirrel tail grass"") Elymus elymoides (""squirrel tail grass"")"
"grass - tight long spike with lots of small white anthers, medium awns","grass - tight long spike with lots of small white anthers, medium awns","grass - tight long spike with lots of small white anthers, medium awns","grass - tight long spike with lots of small white anthers, medium awns","grass - tight long spike with lots of small white anthers, medium awns grass - tight long spike with lots of small white anthers, medium awns grass - tight long spike with lots of small white anthers, medium awns"
"Agropyron trachycaulis","Agropyron","trachycaulis","","Agropyron trachycaulis "
"grass - second Poa species?  Big white anthers, not very reflexed, NE side","grass - second Poa species?  Big white anthers, not very reflexed, NE side","grass - second Poa species?  Big white anthers, not very reflexed, NE side","grass - second Poa species?  Big white anthers, not very reflexed, NE side","grass - second Poa species?  Big white anthers, not very reflexed, NE side grass - second Poa species?  Big white anthers, not very reflexed, NE side grass - second Poa species?  Big white anthers, not very reflexed, NE side"
"Campanula rotunifolia","Campanula","rotunifolia","","Campanula rotunifolia "
"grass - SE corner, medium-size yellow anthers, slightly loose head, short awns, red nodes","grass - SE corner, medium-size yellow anthers, slightly loose head, short awns, red nodes","grass - SE corner, medium-size yellow anthers, slightly loose head, short awns, red nodes","grass - SE corner, medium-size yellow anthers, slightly loose head, short awns, red nodes","grass - SE corner, medium-size yellow anthers, slightly loose head, short awns, red nodes grass - SE corner, medium-size yellow anthers, slightly loose head, short awns, red nodes grass - SE corner, medium-size yellow anthers, slightly loose head, short awns, red nodes"
"Rosa woodsi","Rosa","woodsi","","Rosa woodsi "
"grass, leaf blade below inflorescence about 6"" long, almost as long as inflorescence, tighter inflorescence than Poa, big yellow anthers","grass, leaf blade below inflorescence about 6"" long, almost as long as inflorescence, tighter inflorescence than Poa, big yellow anthers","grass, leaf blade below inflorescence about 6"" long, almost as long as inflorescence, tighter inflorescence than Poa, big yellow anthers","grass, leaf blade below inflorescence about 6"" long, almost as long as inflorescence, tighter inflorescence than Poa, big yellow anthers","grass, leaf blade below inflorescence about 6"" long, almost as long as inflorescence, tighter inflorescence than Poa, big yellow anthers grass, leaf blade below inflorescence about 6"" long, almost as long as inflorescence, tighter inflorescence than Poa, big yellow anthers grass, leaf blade below inflorescence about 6"" long, almost as long as inflorescence, tighter inflorescence than Poa, big yellow anthers"
"grass - SW corner, pale green, with yellow anthers, short branches but spreading.  No awns.","grass - SW corner, pale green, with yellow anthers, short branches but spreading.  No awns.","grass - SW corner, pale green, with yellow anthers, short branches but spreading.  No awns.","grass - SW corner, pale green, with yellow anthers, short branches but spreading.  No awns.","grass - SW corner, pale green, with yellow anthers, short branches but spreading.  No awns. grass - SW corner, pale green, with yellow anthers, short branches but spreading.  No awns. grass - SW corner, pale green, with yellow anthers, short branches but spreading.  No awns."
"grass, NW corner and N side, big yellow anthers, blade not longer than inflorescence; big headed Poa??","grass, NW corner and N side, big yellow anthers, blade not longer than inflorescence; big headed Poa??","grass, NW corner and N side, big yellow anthers, blade not longer than inflorescence; big headed Poa??","grass, NW corner and N side, big yellow anthers, blade not longer than inflorescence; big headed Poa??","grass, NW corner and N side, big yellow anthers, blade not longer than inflorescence; big headed Poa?? grass, NW corner and N side, big yellow anthers, blade not longer than inflorescence; big headed Poa?? grass, NW corner and N side, big yellow anthers, blade not longer than inflorescence; big headed Poa??"
"Elymus elymoides (squrrel tail grass)","Elymus elymoides (squrrel tail grass)","Elymus elymoides (squrrel tail grass)","Elymus elymoides (squrrel tail grass)","Elymus elymoides (squrrel tail grass) Elymus elymoides (squrrel tail grass) Elymus elymoides (squrrel tail grass)"
"Potentilla fruticosa (plant just outside plot to NW)","Potentilla fruticosa (plant just outside plot to NW)","Potentilla fruticosa (plant just outside plot to NW)","Potentilla fruticosa (plant just outside plot to NW)","Potentilla fruticosa (plant just outside plot to NW) Potentilla fruticosa (plant just outside plot to NW) Potentilla fruticosa (plant just outside plot to NW)"
"grass - lots of tiny yellow anthers, tight head, SE corner","grass - lots of tiny yellow anthers, tight head, SE corner","grass - lots of tiny yellow anthers, tight head, SE corner","grass - lots of tiny yellow anthers, tight head, SE corner","grass - lots of tiny yellow anthers, tight head, SE corner grass - lots of tiny yellow anthers, tight head, SE corner grass - lots of tiny yellow anthers, tight head, SE corner"
"grass - tight long spike with lots of small white anthers, medium awns, N side","grass - tight long spike with lots of small white anthers, medium awns, N side","grass - tight long spike with lots of small white anthers, medium awns, N side","grass - tight long spike with lots of small white anthers, medium awns, N side","grass - tight long spike with lots of small white anthers, medium awns, N side grass - tight long spike with lots of small white anthers, medium awns, N side grass - tight long spike with lots of small white anthers, medium awns, N side"
"Bromopsis ceratochloa carinatus? (nodding brome)","Bromopsis ceratochloa carinatus? (nodding brome)","Bromopsis ceratochloa carinatus? (nodding brome)","Bromopsis ceratochloa carinatus? (nodding brome)","Bromopsis ceratochloa carinatus? (nodding brome) Bromopsis ceratochloa carinatus? (nodding brome) Bromopsis ceratochloa carinatus? (nodding brome)"
"grass - giant Poa?? Big yellow anthers, NW corner","grass - giant Poa?? Big yellow anthers, NW corner","grass - giant Poa?? Big yellow anthers, NW corner","grass - giant Poa?? Big yellow anthers, NW corner","grass - giant Poa?? Big yellow anthers, NW corner grass - giant Poa?? Big yellow anthers, NW corner grass - giant Poa?? Big yellow anthers, NW corner"
"Bromopsis ceratochlora carinatus?","Bromopsis","ceratochlora","carinatus?","Bromopsis ceratochlora carinatus?"
"Lathyrus leucanthus.1","Lathyrus","leucanthus.1","","Lathyrus leucanthus.1 "
"Salix monticola","Salix","monticola","","Salix monticola "
"Salix brachycarpa","Salix","brachycarpa","","Salix brachycarpa "
"Poa arctica","Poa","arctica","","Poa arctica "
"Salix geyeriana ","Salix","geyeriana","","Salix geyeriana "
"Arabis drummondii (?) - small, yellowish flowers","Arabis drummondii (?) - small, yellowish flowers","Arabis drummondii (?) - small, yellowish flowers","Arabis drummondii (?) - small, yellowish flowers","Arabis drummondii (?) - small, yellowish flowers Arabis drummondii (?) - small, yellowish flowers Arabis drummondii (?) - small, yellowish flowers"
"grass - tight long spike with lots of small white anthers, medium awns, middle of plot","grass - tight long spike with lots of small white anthers, medium awns, middle of plot","grass - tight long spike with lots of small white anthers, medium awns, middle of plot","grass - tight long spike with lots of small white anthers, medium awns, middle of plot","grass - tight long spike with lots of small white anthers, medium awns, middle of plot grass - tight long spike with lots of small white anthers, medium awns, middle of plot grass - tight long spike with lots of small white anthers, medium awns, middle of plot"
"Agropyron spp","Agropyron","spp","","Agropyron spp "
"Bromopsis spp","Bromopsis","spp","","Bromopsis spp "
"Poa spp","Poa","spp","","Poa spp "
"Thlaspi","Thlaspi","","","Thlaspi  "
"grass - W site, giant Poa??","grass - W site, giant Poa??","grass - W site, giant Poa??","grass - W site, giant Poa??","grass - W site, giant Poa?? grass - W site, giant Poa?? grass - W site, giant Poa??"
"Haplopappus parryi (Kathy originally identified as Solidago spathulata)","Haplopappus parryi (Kathy originally identified as Solidago spathulata)","Haplopappus parryi (Kathy originally identified as Solidago spathulata)","Haplopappus parryi (Kathy originally identified as Solidago spathulata)","Haplopappus parryi (Kathy originally identified as Solidago spathulata) Haplopappus parryi (Kathy originally identified as Solidago spathulata) Haplopappus parryi (Kathy originally identified as Solidago spathulata)"
"Geranium viscossisimum","Geranium","viscossisimum","","Geranium viscossisimum "
"Bromopsis spp.","Bromopsis","spp.","","Bromopsis spp. "
"Elymus spp","Elymus","spp","","Elymus spp "
"Carex spp","Carex","spp","","Carex spp "
"Dugaldia hoopsii","Dugaldia","hoopsii","","Dugaldia hoopsii "
"Ranunculus inaomus","Ranunculus","inaomus","","Ranunculus inaomus "
"Koelaria micrantha","Koelaria","micrantha","","Koelaria micrantha "
"Elymus spp.","Elymus","spp.","","Elymus spp. "
"Aquilegia coerulea","Aquilegia","coerulea","","Aquilegia coerulea "
"awn grass","awn","grass","","awn grass "
"tight spike, 5-mm awns, NW corner","tight spike, 5-mm awns, NW corner","tight spike, 5-mm awns, NW corner","tight spike, 5-mm awns, NW corner","tight spike, 5-mm awns, NW corner tight spike, 5-mm awns, NW corner tight spike, 5-mm awns, NW corner"
"Cirsium spp","Cirsium","spp","","Cirsium spp "
"Helianthella quinquinervis","Helianthella","quinquinervis","","Helianthella quinquinervis "
"Bromopsis spp. (hairy, purple)","Bromopsis spp. (hairy, purple)","Bromopsis spp. (hairy, purple)","Bromopsis spp. (hairy, purple)","Bromopsis spp. (hairy, purple) Bromopsis spp. (hairy, purple) Bromopsis spp. (hairy, purple)"
"Carex #2","Carex","#2","","Carex #2 "
"Haplopappus parryi (Kathy originally called it Solidago spathulata) ","Haplopappus parryi (Kathy originally called it Solidago spathulata) ","Haplopappus parryi (Kathy originally called it Solidago spathulata) ","Haplopappus parryi (Kathy originally called it Solidago spathulata) ","Haplopappus parryi (Kathy originally called it Solidago spathulata)  Haplopappus parryi (Kathy originally called it Solidago spathulata)  Haplopappus parryi (Kathy originally called it Solidago spathulata) "
"Bromopsis spp. (fuzzy, purple)","Bromopsis spp. (fuzzy, purple)","Bromopsis spp. (fuzzy, purple)","Bromopsis spp. (fuzzy, purple)","Bromopsis spp. (fuzzy, purple) Bromopsis spp. (fuzzy, purple) Bromopsis spp. (fuzzy, purple)"
"Chenopodium alba","Chenopodium","alba","","Chenopodium alba "
"Elymus spp. (squirrel tail)","Elymus spp. (squirrel tail)","Elymus spp. (squirrel tail)","Elymus spp. (squirrel tail)","Elymus spp. (squirrel tail) Elymus spp. (squirrel tail) Elymus spp. (squirrel tail)"
"Poa (NOT pratensis)","Poa","(NOT","pratensis)","Poa (NOT pratensis)"
"Bromopsis spp. (smooth)","Bromopsis","spp.","(smooth)","Bromopsis spp. (smooth)"
"Haplopappus parryi (Kathy identified initially as Solidago spatulatha)","Haplopappus parryi (Kathy identified initially as Solidago spatulatha)","Haplopappus parryi (Kathy identified initially as Solidago spatulatha)","Haplopappus parryi (Kathy identified initially as Solidago spatulatha)","Haplopappus parryi (Kathy identified initially as Solidago spatulatha) Haplopappus parryi (Kathy identified initially as Solidago spatulatha) Haplopappus parryi (Kathy identified initially as Solidago spatulatha)"
"Agropyron spp.","Agropyron","spp.","","Agropyron spp. "
"giant Poa?  Fat flowers, inflorescence very spread out, NW corner","giant Poa?  Fat flowers, inflorescence very spread out, NW corner","giant Poa?  Fat flowers, inflorescence very spread out, NW corner","giant Poa?  Fat flowers, inflorescence very spread out, NW corner","giant Poa?  Fat flowers, inflorescence very spread out, NW corner giant Poa?  Fat flowers, inflorescence very spread out, NW corner giant Poa?  Fat flowers, inflorescence very spread out, NW corner"
"Salix drummondiana ","Salix","drummondiana","","Salix drummondiana "
"Aster foliacous","Aster","foliacous","","Aster foliacous "
"Chenopodium spp","Chenopodium","spp","","Chenopodium spp "
"grass - tight long spike with lots of small white anthers, medium awns, middle f plot","grass - tight long spike with lots of small white anthers, medium awns, middle f plot","grass - tight long spike with lots of small white anthers, medium awns, middle f plot","grass - tight long spike with lots of small white anthers, medium awns, middle f plot","grass - tight long spike with lots of small white anthers, medium awns, middle f plot grass - tight long spike with lots of small white anthers, medium awns, middle f plot grass - tight long spike with lots of small white anthers, medium awns, middle f plot"
"Heracleum fendleri","Heracleum","fendleri","","Heracleum fendleri "
"Elymus trachycaulus","Elymus","trachycaulus","","Elymus trachycaulus "
"Phleum or Alopoceurus","Phleum","or","Alopoceurus","Phleum or Alopoceurus"
"Rananculus inamoenus","Rananculus","inamoenus","","Rananculus inamoenus "
"Feather grass - pearl grass?","Feather grass - pearl grass?","Feather grass - pearl grass?","Feather grass - pearl grass?","Feather grass - pearl grass? Feather grass - pearl grass? Feather grass - pearl grass?"
"Bromopsis ssp. (fuzzy, purple)","Bromopsis ssp. (fuzzy, purple)","Bromopsis ssp. (fuzzy, purple)","Bromopsis ssp. (fuzzy, purple)","Bromopsis ssp. (fuzzy, purple) Bromopsis ssp. (fuzzy, purple) Bromopsis ssp. (fuzzy, purple)"
"Carex spp. (dark) ","Carex","spp.","(dark)","Carex spp. (dark)"
"Cirsium ssp.","Cirsium","ssp.","","Cirsium ssp. "
"Festuca thurberi","Festuca","thurberi","","Festuca thurberi "
"Solidago multiradiata","Solidago","multiradiata","","Solidago multiradiata "
"Trisetum spicatum","Trisetum","spicatum","","Trisetum spicatum "
"Viguera multiflora","Viguera","multiflora","","Viguera multiflora "
"Ligularia bigelovii","Ligularia","bigelovii","","Ligularia bigelovii "
"Ligusticum porter","Ligusticum","porter","","Ligusticum porter "
"Heterotheca fulcrata","Heterotheca","fulcrata","","Heterotheca fulcrata "
"Koelaria macrantha","Koelaria","macrantha","","Koelaria macrantha "
"Arabis spp. (pink flowers)","Arabis spp. (pink flowers)","Arabis spp. (pink flowers)","Arabis spp. (pink flowers)","Arabis spp. (pink flowers) Arabis spp. (pink flowers) Arabis spp. (pink flowers)"
"Agropyron ssp.","Agropyron","ssp.","","Agropyron ssp. "
"Carex spp.","Carex","spp.","","Carex spp. "
"Conioselenium ssp.","Conioselenium","ssp.","","Conioselenium ssp. "
"Heracleum sphondylium","Heracleum","sphondylium","","Heracleum sphondylium "
"Silene spp.","Silene","spp.","","Silene spp. "
"Trisetum ssp.","Trisetum","ssp.","","Trisetum ssp. "
"(Elymus glauca) tight spike, 5-mm awns, NW corner","(Elymus glauca) tight spike, 5-mm awns, NW corner","(Elymus glauca) tight spike, 5-mm awns, NW corner","(Elymus glauca) tight spike, 5-mm awns, NW corner","(Elymus glauca) tight spike, 5-mm awns, NW corner (Elymus glauca) tight spike, 5-mm awns, NW corner (Elymus glauca) tight spike, 5-mm awns, NW corner"
"Bromus spp.","Bromus","spp.","","Bromus spp. "
"Geranium viscosissimum (pink flowers)","Geranium viscosissimum (pink flowers)","Geranium viscosissimum (pink flowers)","Geranium viscosissimum (pink flowers)","Geranium viscosissimum (pink flowers) Geranium viscosissimum (pink flowers) Geranium viscosissimum (pink flowers)"
"Descurania richardsonii","Descurania","richardsonii","","Descurania richardsonii "
"Taraxacum officionale","Taraxacum","officionale","","Taraxacum officionale "
"Elymus ssp.","Elymus","ssp.","","Elymus ssp. "
"Geranium richardsonii.1","Geranium","richardsonii.1","","Geranium richardsonii.1 "
"Valeriana occidentalis","Valeriana","occidentalis","","Valeriana occidentalis "
"Bromopsis ssp. (purple, furry)","Bromopsis ssp. (purple, furry)","Bromopsis ssp. (purple, furry)","Bromopsis ssp. (purple, furry)","Bromopsis ssp. (purple, furry) Bromopsis ssp. (purple, furry) Bromopsis ssp. (purple, furry)"
"Heterotheca multiflora","Heterotheca","multiflora","","Heterotheca multiflora "
"Potentilla pulcherrima ","Potentilla","pulcherrima","","Potentilla pulcherrima "
"Pseudocymoterus montanus","Pseudocymoterus","montanus","","Pseudocymoterus montanus "
"Viguieria multiflora","Viguieria","multiflora","","Viguieria multiflora "
"Silene","Silene","","","Silene  "
"Festuca rubra","Festuca","rubra","","Festuca rubra "
"Elymus glaucus (tight spike, 5-mm awns, NW corner)","Elymus glaucus (tight spike, 5-mm awns, NW corner)","Elymus glaucus (tight spike, 5-mm awns, NW corner)","Elymus glaucus (tight spike, 5-mm awns, NW corner)","Elymus glaucus (tight spike, 5-mm awns, NW corner) Elymus glaucus (tight spike, 5-mm awns, NW corner) Elymus glaucus (tight spike, 5-mm awns, NW corner)"
"Carex (not geyeri)","Carex","(not","geyeri)","Carex (not geyeri)"
"Stipa nelsonii (long awns)","Stipa nelsonii (long awns)","Stipa nelsonii (long awns)","Stipa nelsonii (long awns)","Stipa nelsonii (long awns) Stipa nelsonii (long awns) Stipa nelsonii (long awns)"
"Carex sp.","Carex","sp.","","Carex sp. "
"Geranium richarsoni","Geranium","richarsoni","","Geranium richarsoni "
"Pedicularis grayii - about 4 m east of plot","Pedicularis grayii - about 4 m east of plot","Pedicularis grayii - about 4 m east of plot","Pedicularis grayii - about 4 m east of plot","Pedicularis grayii - about 4 m east of plot Pedicularis grayii - about 4 m east of plot Pedicularis grayii - about 4 m east of plot"
"Salix drummondiana and Salix monticola","Salix drummondiana and Salix monticola","Salix drummondiana and Salix monticola","Salix drummondiana and Salix monticola","Salix drummondiana and Salix monticola Salix drummondiana and Salix monticola Salix drummondiana and Salix monticola"
"Agoseris glauca.1","Agoseris","glauca.1","","Agoseris glauca.1 "
"Potentilla fruticosa - 1 meter to NE of plot","Potentilla fruticosa - 1 meter to NE of plot","Potentilla fruticosa - 1 meter to NE of plot","Potentilla fruticosa - 1 meter to NE of plot","Potentilla fruticosa - 1 meter to NE of plot Potentilla fruticosa - 1 meter to NE of plot Potentilla fruticosa - 1 meter to NE of plot"
"grass - tight head, many small anthers, awns about 2 mm","grass - tight head, many small anthers, awns about 2 mm","grass - tight head, many small anthers, awns about 2 mm","grass - tight head, many small anthers, awns about 2 mm","grass - tight head, many small anthers, awns about 2 mm grass - tight head, many small anthers, awns about 2 mm grass - tight head, many small anthers, awns about 2 mm"
"Lonicera involucrata (outside plot 1.5 m to north)","Lonicera involucrata (outside plot 1.5 m to north)","Lonicera involucrata (outside plot 1.5 m to north)","Lonicera involucrata (outside plot 1.5 m to north)","Lonicera involucrata (outside plot 1.5 m to north) Lonicera involucrata (outside plot 1.5 m to north) Lonicera involucrata (outside plot 1.5 m to north)"
"Thlaspi montahum","Thlaspi","montahum","","Thlaspi montahum "
"grass - giant Poa? About 2 feet tall, NE corner","grass - giant Poa? About 2 feet tall, NE corner","grass - giant Poa? About 2 feet tall, NE corner","grass - giant Poa? About 2 feet tall, NE corner","grass - giant Poa? About 2 feet tall, NE corner grass - giant Poa? About 2 feet tall, NE corner grass - giant Poa? About 2 feet tall, NE corner"
"Poa pratensis (?; middle of plot, just west of Salix)","Poa pratensis (?; middle of plot, just west of Salix)","Poa pratensis (?; middle of plot, just west of Salix)","Poa pratensis (?; middle of plot, just west of Salix)","Poa pratensis (?; middle of plot, just west of Salix) Poa pratensis (?; middle of plot, just west of Salix) Poa pratensis (?; middle of plot, just west of Salix)"
"Cirsium - yellow flowers","Cirsium - yellow flowers","Cirsium - yellow flowers","Cirsium - yellow flowers","Cirsium - yellow flowers Cirsium - yellow flowers Cirsium - yellow flowers"
"Elymus (Agropyron) trachycaulus - wild rye","Elymus (Agropyron) trachycaulus - wild rye","Elymus (Agropyron) trachycaulus - wild rye","Elymus (Agropyron) trachycaulus - wild rye","Elymus (Agropyron) trachycaulus - wild rye Elymus (Agropyron) trachycaulus - wild rye Elymus (Agropyron) trachycaulus - wild rye"
"Achnatherum (Stipa) lettermanii - needlegrass (long awns)","Achnatherum (Stipa) lettermanii - needlegrass (long awns)","Achnatherum (Stipa) lettermanii - needlegrass (long awns)","Achnatherum (Stipa) lettermanii - needlegrass (long awns)","Achnatherum (Stipa) lettermanii - needlegrass (long awns) Achnatherum (Stipa) lettermanii - needlegrass (long awns) Achnatherum (Stipa) lettermanii - needlegrass (long awns)"
"Tragopogon","Tragopogon","","","Tragopogon  "
"Ceratochloa (Bromus) carinatus","Ceratochloa","(Bromus)","carinatus","Ceratochloa (Bromus) carinatus"
"Lupinus (smaller flowers, more purple)","Lupinus (smaller flowers, more purple)","Lupinus (smaller flowers, more purple)","Lupinus (smaller flowers, more purple)","Lupinus (smaller flowers, more purple) Lupinus (smaller flowers, more purple) Lupinus (smaller flowers, more purple)"
"Trisetum spicatum - lots of short awns; west side","Trisetum spicatum - lots of short awns; west side","Trisetum spicatum - lots of short awns; west side","Trisetum spicatum - lots of short awns; west side","Trisetum spicatum - lots of short awns; west side Trisetum spicatum - lots of short awns; west side Trisetum spicatum - lots of short awns; west side"
"Delphinium nuttallianum","Delphinium","nuttallianum","","Delphinium nuttallianum "
"Silene antirrhina","Silene","antirrhina","","Silene antirrhina "
"Elymus longifolius - squirreltail grass, northwest corner of plot","Elymus longifolius - squirreltail grass, northwest corner of plot","Elymus longifolius - squirreltail grass, northwest corner of plot","Elymus longifolius - squirreltail grass, northwest corner of plot","Elymus longifolius - squirreltail grass, northwest corner of plot Elymus longifolius - squirreltail grass, northwest corner of plot Elymus longifolius - squirreltail grass, northwest corner of plot"
"Festuca thurberi - bunch grass","Festuca thurberi - bunch grass","Festuca thurberi - bunch grass","Festuca thurberi - bunch grass","Festuca thurberi - bunch grass Festuca thurberi - bunch grass Festuca thurberi - bunch grass"
"Koelaria micrantha - no obvious awn, inconspicuous anthers, middle of south side of plot","Koelaria micrantha - no obvious awn, inconspicuous anthers, middle of south side of plot","Koelaria micrantha - no obvious awn, inconspicuous anthers, middle of south side of plot","Koelaria micrantha - no obvious awn, inconspicuous anthers, middle of south side of plot","Koelaria micrantha - no obvious awn, inconspicuous anthers, middle of south side of plot Koelaria micrantha - no obvious awn, inconspicuous anthers, middle of south side of plot Koelaria micrantha - no obvious awn, inconspicuous anthers, middle of south side of plot"
"Polygonum Douglasii","Polygonum","Douglasii","","Polygonum Douglasii "
"Silene antirrhina(?)","Silene","antirrhina(?)","","Silene antirrhina(?) "
"Delphinium nutallianum","Delphinium","nutallianum","","Delphinium nutallianum "
"Erigeron flagellaris.1","Erigeron","flagellaris.1","","Erigeron flagellaris.1 "
"Poa pratensis(?) - very tall, but not P. arctica","Poa pratensis(?) - very tall, but not P. arctica","Poa pratensis(?) - very tall, but not P. arctica","Poa pratensis(?) - very tall, but not P. arctica","Poa pratensis(?) - very tall, but not P. arctica Poa pratensis(?) - very tall, but not P. arctica Poa pratensis(?) - very tall, but not P. arctica"
"Senecio serra","Senecio","serra","","Senecio serra "
"Lupinus argenteus (small flowers)","Lupinus argenteus (small flowers)","Lupinus argenteus (small flowers)","Lupinus argenteus (small flowers)","Lupinus argenteus (small flowers) Lupinus argenteus (small flowers) Lupinus argenteus (small flowers)"
"Pedicularis procera (grayi), about 4 m away","Pedicularis procera (grayi), about 4 m away","Pedicularis procera (grayi), about 4 m away","Pedicularis procera (grayi), about 4 m away","Pedicularis procera (grayi), about 4 m away Pedicularis procera (grayi), about 4 m away Pedicularis procera (grayi), about 4 m away"
"Trisetum spicatrum","Trisetum","spicatrum","","Trisetum spicatrum "
"Cirsium (common yellow)","Cirsium","(common","yellow)","Cirsium (common yellow)"
"Ceratochloa (Bromus) carinata","Ceratochloa","(Bromus)","carinata","Ceratochloa (Bromus) carinata"
"Gayophytum?","Gayophytum?","","","Gayophytum?  "
"Bromopsis pumpelliana (?)","Bromopsis","pumpelliana","(?)","Bromopsis pumpelliana (?)"
"Erigeron coulteri, between this plot and Interface 3","Erigeron coulteri, between this plot and Interface 3","Erigeron coulteri, between this plot and Interface 3","Erigeron coulteri, between this plot and Interface 3","Erigeron coulteri, between this plot and Interface 3 Erigeron coulteri, between this plot and Interface 3 Erigeron coulteri, between this plot and Interface 3"
"Achnatherum (Stipa) lettermanii - needlegrass","Achnatherum (Stipa) lettermanii - needlegrass","Achnatherum (Stipa) lettermanii - needlegrass","Achnatherum (Stipa) lettermanii - needlegrass","Achnatherum (Stipa) lettermanii - needlegrass Achnatherum (Stipa) lettermanii - needlegrass Achnatherum (Stipa) lettermanii - needlegrass"
"Geum triflorum","Geum","triflorum","","Geum triflorum "
"Osmorhiza occidentalis","Osmorhiza","occidentalis","","Osmorhiza occidentalis "
"Koeleria micrantha ","Koeleria","micrantha","","Koeleria micrantha "
"Amerosedum lanceolatum","Amerosedum","lanceolatum","","Amerosedum lanceolatum "
"Phacelia heterophylla","Phacelia","heterophylla","","Phacelia heterophylla "
"Elymus longifolius","Elymus","longifolius","","Elymus longifolius "
"Elymus (Agropyron) trachycaulus","Elymus","(Agropyron)","trachycaulus","Elymus (Agropyron) trachycaulus"
"Festuca pratensis (?)","Festuca","pratensis","(?)","Festuca pratensis (?)"
"Viola adunca","Viola","adunca","","Viola adunca "
"Muhlenbergia species (a C4 grass) ","Muhlenbergia species (a C4 grass) ","Muhlenbergia species (a C4 grass) ","Muhlenbergia species (a C4 grass) ","Muhlenbergia species (a C4 grass)  Muhlenbergia species (a C4 grass)  Muhlenbergia species (a C4 grass) "
"Epilobium (?) species just outside plot to N; get it next year","Epilobium (?) species just outside plot to N; get it next year","Epilobium (?) species just outside plot to N; get it next year","Epilobium (?) species just outside plot to N; get it next year","Epilobium (?) species just outside plot to N; get it next year Epilobium (?) species just outside plot to N; get it next year Epilobium (?) species just outside plot to N; get it next year"
"Cirsium - yellow flowered, common in townsite","Cirsium - yellow flowered, common in townsite","Cirsium - yellow flowered, common in townsite","Cirsium - yellow flowered, common in townsite","Cirsium - yellow flowered, common in townsite Cirsium - yellow flowered, common in townsite Cirsium - yellow flowered, common in townsite"
"Gentianopsis thermalis","Gentianopsis","thermalis","","Gentianopsis thermalis "
"Geum - maybe not triflorum?  ","Geum - maybe not triflorum?  ","Geum - maybe not triflorum?  ","Geum - maybe not triflorum?  ","Geum - maybe not triflorum?   Geum - maybe not triflorum?   Geum - maybe not triflorum?  "
"Mimulus guttatus","Mimulus","guttatus","","Mimulus guttatus "
"Platanthera (Habenaria) hyperborea","Platanthera","(Habenaria)","hyperborea","Platanthera (Habenaria) hyperborea"
"Stellaria longifolia","Stellaria","longifolia","","Stellaria longifolia "
"Carex (not geyeri - stigmas shorter)","Carex (not geyeri - stigmas shorter)","Carex (not geyeri - stigmas shorter)","Carex (not geyeri - stigmas shorter)","Carex (not geyeri - stigmas shorter) Carex (not geyeri - stigmas shorter) Carex (not geyeri - stigmas shorter)"
"Elymus trachycaulis","Elymus","trachycaulis","","Elymus trachycaulis "
"Poa arctica (?)","Poa","arctica","(?)","Poa arctica (?)"
"Chamerion danielsii (Epilobium angustifolium)","Chamerion danielsii (Epilobium angustifolium)","Chamerion danielsii (Epilobium angustifolium)","Chamerion danielsii (Epilobium angustifolium)","Chamerion danielsii (Epilobium angustifolium) Chamerion danielsii (Epilobium angustifolium) Chamerion danielsii (Epilobium angustifolium)"
"Ceratochloa (Bromopsis) carinata","Ceratochloa","(Bromopsis)","carinata","Ceratochloa (Bromopsis) carinata"
"Elymus thurberi","Elymus","thurberi","","Elymus thurberi "
"Poa (pratensis?)","Poa","(pratensis?)","","Poa (pratensis?) "
"Bromopsis pumpelliana","Bromopsis","pumpelliana","","Bromopsis pumpelliana "
"Lupinus argenteus (smaller flowers)","Lupinus argenteus (smaller flowers)","Lupinus argenteus (smaller flowers)","Lupinus argenteus (smaller flowers)","Lupinus argenteus (smaller flowers) Lupinus argenteus (smaller flowers) Lupinus argenteus (smaller flowers)"
"Bromopsis inermis","Bromopsis","inermis","","Bromopsis inermis "
"Koelaria micrantha - no obvious awn, inconspicuous anthers","Koelaria micrantha - no obvious awn, inconspicuous anthers","Koelaria micrantha - no obvious awn, inconspicuous anthers","Koelaria micrantha - no obvious awn, inconspicuous anthers","Koelaria micrantha - no obvious awn, inconspicuous anthers Koelaria micrantha - no obvious awn, inconspicuous anthers Koelaria micrantha - no obvious awn, inconspicuous anthers"
"Koelaria micrantha, southwest corner","Koelaria micrantha, southwest corner","Koelaria micrantha, southwest corner","Koelaria micrantha, southwest corner","Koelaria micrantha, southwest corner Koelaria micrantha, southwest corner Koelaria micrantha, southwest corner"
"Gayophytum","Gayophytum","","","Gayophytum  "
"Koelaria micrantha - no obvious awn, inconspicuous anthers, west side","Koelaria micrantha - no obvious awn, inconspicuous anthers, west side","Koelaria micrantha - no obvious awn, inconspicuous anthers, west side","Koelaria micrantha - no obvious awn, inconspicuous anthers, west side","Koelaria micrantha - no obvious awn, inconspicuous anthers, west side Koelaria micrantha - no obvious awn, inconspicuous anthers, west side Koelaria micrantha - no obvious awn, inconspicuous anthers, west side"
"Senecio integerrimus.1","Senecio","integerrimus.1","","Senecio integerrimus.1 "
"Epilobium brachycarpum, 75 cm outside","Epilobium brachycarpum, 75 cm outside","Epilobium brachycarpum, 75 cm outside","Epilobium brachycarpum, 75 cm outside","Epilobium brachycarpum, 75 cm outside Epilobium brachycarpum, 75 cm outside Epilobium brachycarpum, 75 cm outside"
"grass - very short Poa?","grass - very short Poa?","grass - very short Poa?","grass - very short Poa?","grass - very short Poa? grass - very short Poa? grass - very short Poa?"
"Limnorchis (Habenaria) hyperborea","Limnorchis","(Habenaria)","hyperborea","Limnorchis (Habenaria) hyperborea"
"Salix brachycarpa (?) South side","Salix brachycarpa (?) South side","Salix brachycarpa (?) South side","Salix brachycarpa (?) South side","Salix brachycarpa (?) South side Salix brachycarpa (?) South side Salix brachycarpa (?) South side"
"Salix wolfii (?)","Salix","wolfii","(?)","Salix wolfii (?)"
"Cirsium - yellow; outside plot","Cirsium - yellow; outside plot","Cirsium - yellow; outside plot","Cirsium - yellow; outside plot","Cirsium - yellow; outside plot Cirsium - yellow; outside plot Cirsium - yellow; outside plot"
"Brompsis pumpelliana (?)","Brompsis","pumpelliana","(?)","Brompsis pumpelliana (?)"
"Collomia linearis.1","Collomia","linearis.1","","Collomia linearis.1 "
"Heuchera parviflora","Heuchera","parviflora","","Heuchera parviflora "
"Pentaphylloides (Potentilla, Dasiphora) fruticosa (plant just outside plot to NW)","Pentaphylloides (Potentilla, Dasiphora) fruticosa (plant just outside plot to NW)","Pentaphylloides (Potentilla, Dasiphora) fruticosa (plant just outside plot to NW)","Pentaphylloides (Potentilla, Dasiphora) fruticosa (plant just outside plot to NW)","Pentaphylloides (Potentilla, Dasiphora) fruticosa (plant just outside plot to NW) Pentaphylloides (Potentilla, Dasiphora) fruticosa (plant just outside plot to NW) Pentaphylloides (Potentilla, Dasiphora) fruticosa (plant just outside plot to NW)"
"Bromelica (Melica) spectabilis","Bromelica","(Melica)","spectabilis","Bromelica (Melica) spectabilis"
"Pedicularis procera (grayi)","Pedicularis","procera","(grayi)","Pedicularis procera (grayi)"
"Senecio pudica","Senecio","pudica","","Senecio pudica "
"Trifolium pratense","Trifolium","pratense","","Trifolium pratense "
"Trifolium repens","Trifolium","repens","","Trifolium repens "
"Viola praemorsa","Viola","praemorsa","","Viola praemorsa "
"Heracleum maximum","Heracleum","maximum","","Heracleum maximum "
"Elymus (Agropyron) trachycaulus - slender wheatgrass","Elymus (Agropyron) trachycaulus - slender wheatgrass","Elymus (Agropyron) trachycaulus - slender wheatgrass","Elymus (Agropyron) trachycaulus - slender wheatgrass","Elymus (Agropyron) trachycaulus - slender wheatgrass Elymus (Agropyron) trachycaulus - slender wheatgrass Elymus (Agropyron) trachycaulus - slender wheatgrass"
"Noccea montana","Noccea","montana","","Noccea montana "
"Potentilla pulcherrima x P. hippiana","Potentilla pulcherrima x P. hippiana","Potentilla pulcherrima x P. hippiana","Potentilla pulcherrima x P. hippiana","Potentilla pulcherrima x P. hippiana Potentilla pulcherrima x P. hippiana Potentilla pulcherrima x P. hippiana"
"Carex illota??  microptera??","Carex","illota??","microptera??","Carex illota?? microptera??"
"Gayophytum ramosissimum","Gayophytum","ramosissimum","","Gayophytum ramosissimum "
"Potentilla pulcherrima X hippiana","Potentilla pulcherrima X hippiana","Potentilla pulcherrima X hippiana","Potentilla pulcherrima X hippiana","Potentilla pulcherrima X hippiana Potentilla pulcherrima X hippiana Potentilla pulcherrima X hippiana"
"Cirsium - white flowers, about 38 cm tall","Cirsium - white flowers, about 38 cm tall","Cirsium - white flowers, about 38 cm tall","Cirsium - white flowers, about 38 cm tall","Cirsium - white flowers, about 38 cm tall Cirsium - white flowers, about 38 cm tall Cirsium - white flowers, about 38 cm tall"
"Erythrocoma triflora","Erythrocoma","triflora","","Erythrocoma triflora "
"Arenaria congesta","Arenaria","congesta","","Arenaria congesta "
"Koelaria macrantha - no obvious awn, inconspicuous anthers","Koelaria macrantha - no obvious awn, inconspicuous anthers","Koelaria macrantha - no obvious awn, inconspicuous anthers","Koelaria macrantha - no obvious awn, inconspicuous anthers","Koelaria macrantha - no obvious awn, inconspicuous anthers Koelaria macrantha - no obvious awn, inconspicuous anthers Koelaria macrantha - no obvious awn, inconspicuous anthers"
"Viola praetorum","Viola","praetorum","","Viola praetorum "
"Koelaria macrantha - no obvious awn, inconspicuous anthers, middle of south side of plot","Koelaria macrantha - no obvious awn, inconspicuous anthers, middle of south side of plot","Koelaria macrantha - no obvious awn, inconspicuous anthers, middle of south side of plot","Koelaria macrantha - no obvious awn, inconspicuous anthers, middle of south side of plot","Koelaria macrantha - no obvious awn, inconspicuous anthers, middle of south side of plot Koelaria macrantha - no obvious awn, inconspicuous anthers, middle of south side of plot Koelaria macrantha - no obvious awn, inconspicuous anthers, middle of south side of plot"
"Koelaria macrantha, southwest corner","Koelaria macrantha, southwest corner","Koelaria macrantha, southwest corner","Koelaria macrantha, southwest corner","Koelaria macrantha, southwest corner Koelaria macrantha, southwest corner Koelaria macrantha, southwest corner"
"Poa species?? - NE corner","Poa species?? - NE corner","Poa species?? - NE corner","Poa species?? - NE corner","Poa species?? - NE corner Poa species?? - NE corner Poa species?? - NE corner"
"Antennaria pulcherrima","Antennaria","pulcherrima","","Antennaria pulcherrima "
"Koelaria macrantha - no obvious awn, inconspicuous anthers, west side","Koelaria macrantha - no obvious awn, inconspicuous anthers, west side","Koelaria macrantha - no obvious awn, inconspicuous anthers, west side","Koelaria macrantha - no obvious awn, inconspicuous anthers, west side","Koelaria macrantha - no obvious awn, inconspicuous anthers, west side Koelaria macrantha - no obvious awn, inconspicuous anthers, west side Koelaria macrantha - no obvious awn, inconspicuous anthers, west side"
"Muhlenbergia montana (a C4 grass) ","Muhlenbergia montana (a C4 grass) ","Muhlenbergia montana (a C4 grass) ","Muhlenbergia montana (a C4 grass) ","Muhlenbergia montana (a C4 grass)  Muhlenbergia montana (a C4 grass)  Muhlenbergia montana (a C4 grass) "
"Agastache urticifolia","Agastache","urticifolia","","Agastache urticifolia "
"Medicago lupulina","Medicago","lupulina","","Medicago lupulina "
"Carex sp. (viridula? - short, 3 spikes, green, small perigynia)","Carex sp. (viridula? - short, 3 spikes, green, small perigynia)","Carex sp. (viridula? - short, 3 spikes, green, small perigynia)","Carex sp. (viridula? - short, 3 spikes, green, small perigynia)","Carex sp. (viridula? - short, 3 spikes, green, small perigynia) Carex sp. (viridula? - short, 3 spikes, green, small perigynia) Carex sp. (viridula? - short, 3 spikes, green, small perigynia)"
"Carex - tall, short brown head","Carex - tall, short brown head","Carex - tall, short brown head","Carex - tall, short brown head","Carex - tall, short brown head Carex - tall, short brown head Carex - tall, short brown head"
"Castilleja sulphurea - about a meter downhill from plot","Castilleja sulphurea - about a meter downhill from plot","Castilleja sulphurea - about a meter downhill from plot","Castilleja sulphurea - about a meter downhill from plot","Castilleja sulphurea - about a meter downhill from plot Castilleja sulphurea - about a meter downhill from plot Castilleja sulphurea - about a meter downhill from plot"
"Cirsium - short, white flowers","Cirsium - short, white flowers","Cirsium - short, white flowers","Cirsium - short, white flowers","Cirsium - short, white flowers Cirsium - short, white flowers Cirsium - short, white flowers"
"Phleum commutatum (alpinum)","Phleum","commutatum","(alpinum)","Phleum commutatum (alpinum)"
"Heuchera  parviflora (outside plot)","Heuchera  parviflora (outside plot)","Heuchera  parviflora (outside plot)","Heuchera  parviflora (outside plot)","Heuchera  parviflora (outside plot) Heuchera  parviflora (outside plot) Heuchera  parviflora (outside plot)"
"Gentianella acuta","Gentianella","acuta","","Gentianella acuta "
"Geranium richardsoniI","Geranium","richardsoniI","","Geranium richardsoniI "
"Noccea (Thlaspi) montana","Noccea","(Thlaspi)","montana","Noccea (Thlaspi) montana"
"Dasiphora (Potentilla) fruticosa (plant just outside plot to NW)","Dasiphora (Potentilla) fruticosa (plant just outside plot to NW)","Dasiphora (Potentilla) fruticosa (plant just outside plot to NW)","Dasiphora (Potentilla) fruticosa (plant just outside plot to NW)","Dasiphora (Potentilla) fruticosa (plant just outside plot to NW) Dasiphora (Potentilla) fruticosa (plant just outside plot to NW) Dasiphora (Potentilla) fruticosa (plant just outside plot to NW)"
"Epilobium brachycarpum, 75 cm outside to East","Epilobium brachycarpum, 75 cm outside to East","Epilobium brachycarpum, 75 cm outside to East","Epilobium brachycarpum, 75 cm outside to East","Epilobium brachycarpum, 75 cm outside to East Epilobium brachycarpum, 75 cm outside to East Epilobium brachycarpum, 75 cm outside to East"
"Gentianella acuta.1","Gentianella","acuta.1","","Gentianella acuta.1 "
"Phleum pratense","Phleum","pratense","","Phleum pratense "
"Senecio pudicus","Senecio","pudicus","","Senecio pudicus "
"Noccaea montana","Noccaea","montana","","Noccaea montana "
"Descurainia incana","Descurainia","incana","","Descurainia incana "
"Potentilla pulcherrima X P. hippiana","Potentilla pulcherrima X P. hippiana","Potentilla pulcherrima X P. hippiana","Potentilla pulcherrima X P. hippiana","Potentilla pulcherrima X P. hippiana Potentilla pulcherrima X P. hippiana Potentilla pulcherrima X P. hippiana"
"Chenopodium foliosum","Chenopodium","foliosum","","Chenopodium foliosum "
"Potentilla pulcherrima X hippiana ","Potentilla pulcherrima X hippiana ","Potentilla pulcherrima X hippiana ","Potentilla pulcherrima X hippiana ","Potentilla pulcherrima X hippiana  Potentilla pulcherrima X hippiana  Potentilla pulcherrima X hippiana "
"Erysimum capitatum","Erysimum","capitatum","","Erysimum capitatum "
"Aster foliaceus (Symphyotrichum foliaceum)","Aster foliaceus (Symphyotrichum foliaceum)","Aster foliaceus (Symphyotrichum foliaceum)","Aster foliaceus (Symphyotrichum foliaceum)","Aster foliaceus (Symphyotrichum foliaceum) Aster foliaceus (Symphyotrichum foliaceum) Aster foliaceus (Symphyotrichum foliaceum)"
"Paxistima myrsinites","Paxistima","myrsinites","","Paxistima myrsinites "
"Mertensia brevistyla","Mertensia","brevistyla","","Mertensia brevistyla "
"Festuca (?) - reddish, no awn, edge of N side","Festuca (?) - reddish, no awn, edge of N side","Festuca (?) - reddish, no awn, edge of N side","Festuca (?) - reddish, no awn, edge of N side","Festuca (?) - reddish, no awn, edge of N side Festuca (?) - reddish, no awn, edge of N side Festuca (?) - reddish, no awn, edge of N side"
"Castilleja linariifolia","Castilleja","linariifolia","","Castilleja linariifolia "
"Carex sp. (nigricans? - black perigynia)","Carex sp. (nigricans? - black perigynia)","Carex sp. (nigricans? - black perigynia)","Carex sp. (nigricans? - black perigynia)","Carex sp. (nigricans? - black perigynia) Carex sp. (nigricans? - black perigynia) Carex sp. (nigricans? - black perigynia)"
"Dasiphora (Potentilla) fruticosa","Dasiphora","(Potentilla)","fruticosa","Dasiphora (Potentilla) fruticosa"
"Oxytropis deflexa","Oxytropis","deflexa","","Oxytropis deflexa "
"Ligularia","Ligularia","","","Ligularia  "
"Veratrum","Veratrum","","","Veratrum  "
"Sidalcea candida","Sidalcea","candida","","Sidalcea candida "
"Campanula","Campanula","","","Campanula  "
"Carex illota??  Microptera??","Carex","illota??","Microptera??","Carex illota?? Microptera??"
"Descurainea","Descurainea","","","Descurainea  "
"Erysimum capitata","Erysimum","capitata","","Erysimum capitata "
"Heracleum","Heracleum","","","Heracleum  "
"Poa sp.?","Poa","sp.?","","Poa sp.? "
"Dasiphora (Potentilla pentaphylloides) fruticosa (plant just outside plot to NW)","Dasiphora (Potentilla pentaphylloides) fruticosa (plant just outside plot to NW)","Dasiphora (Potentilla pentaphylloides) fruticosa (plant just outside plot to NW)","Dasiphora (Potentilla pentaphylloides) fruticosa (plant just outside plot to NW)","Dasiphora (Potentilla pentaphylloides) fruticosa (plant just outside plot to NW) Dasiphora (Potentilla pentaphylloides) fruticosa (plant just outside plot to NW) Dasiphora (Potentilla pentaphylloides) fruticosa (plant just outside plot to NW)"
"Erigeron - white","Erigeron","-","white","Erigeron - white"
"Maianthemum stellatum","Maianthemum","stellatum","","Maianthemum stellatum "
"Poa (arctica? - very tall)","Poa (arctica? - very tall)","Poa (arctica? - very tall)","Poa (arctica? - very tall)","Poa (arctica? - very tall) Poa (arctica? - very tall) Poa (arctica? - very tall)"
"Erysimum","Erysimum","","","Erysimum  "
"Festuca","Festuca","","","Festuca  "
"Lupinus sp. (smaller flowers than argenteus, darker color)","Lupinus sp. (smaller flowers than argenteus, darker color)","Lupinus sp. (smaller flowers than argenteus, darker color)","Lupinus sp. (smaller flowers than argenteus, darker color)","Lupinus sp. (smaller flowers than argenteus, darker color) Lupinus sp. (smaller flowers than argenteus, darker color) Lupinus sp. (smaller flowers than argenteus, darker color)"
"Carex (big brown head) ","Carex (big brown head) ","Carex (big brown head) ","Carex (big brown head) ","Carex (big brown head)  Carex (big brown head)  Carex (big brown head) "
"Cirsium eatonii(?)","Cirsium","eatonii(?)","","Cirsium eatonii(?) "
"Festuca pratensis? - bunch grass","Festuca pratensis? - bunch grass","Festuca pratensis? - bunch grass","Festuca pratensis? - bunch grass","Festuca pratensis? - bunch grass Festuca pratensis? - bunch grass Festuca pratensis? - bunch grass"
"Calochortus gunnisonni","Calochortus","gunnisonni","","Calochortus gunnisonni "
"Calochortus ","Calochortus","","","Calochortus  "
"Frasera speciosa - 3 short stalks, maybe on same root","Frasera speciosa - 3 short stalks, maybe on same root","Frasera speciosa - 3 short stalks, maybe on same root","Frasera speciosa - 3 short stalks, maybe on same root","Frasera speciosa - 3 short stalks, maybe on same root Frasera speciosa - 3 short stalks, maybe on same root Frasera speciosa - 3 short stalks, maybe on same root"
"grass - Trisetum? ","grass","-","Trisetum?","grass - Trisetum?"
"Dugaldia","Dugaldia","","","Dugaldia  "
"Salix wolfii","Salix","wolfii","","Salix wolfii "
"Campanula rotundifoolia","Campanula","rotundifoolia","","Campanula rotundifoolia "
"Cirsium (eatonii?)","Cirsium","(eatonii?)","","Cirsium (eatonii?) "
"Carex - like Int1","Carex - like Int1","Carex - like Int1","Carex - like Int1","Carex - like Int1 Carex - like Int1 Carex - like Int1"
"""droopy grass - oats""","""droopy grass - oats""","""droopy grass - oats""","""droopy grass - oats""","""droopy grass - oats"" ""droopy grass - oats"" ""droopy grass - oats"""
"Salix planifolia","Salix","planifolia","","Salix planifolia "
"Festuca pratensis - bunch grass","Festuca pratensis - bunch grass","Festuca pratensis - bunch grass","Festuca pratensis - bunch grass","Festuca pratensis - bunch grass Festuca pratensis - bunch grass Festuca pratensis - bunch grass"
"Koeleria macrantha","Koeleria","macrantha","","Koeleria macrantha "
"Erythrocoma triflora.1","Erythrocoma","triflora.1","","Erythrocoma triflora.1 "
"Polygonum viviparum","Polygonum","viviparum","","Polygonum viviparum "
"Viola adunca, by path just below alders by Treasury","Viola adunca, by path just below alders by Treasury","Viola adunca, by path just below alders by Treasury","Viola adunca, by path just below alders by Treasury","Viola adunca, by path just below alders by Treasury Viola adunca, by path just below alders by Treasury Viola adunca, by path just below alders by Treasury"
"Thlaspi arvense","Thlaspi","arvense","","Thlaspi arvense "
"Mertensia ciliata.1","Mertensia","ciliata.1","","Mertensia ciliata.1 "
"Agoseris aurantiaca.1","Agoseris","aurantiaca.1","","Agoseris aurantiaca.1 "
"Brompsis pumpelliana","Brompsis","pumpelliana","","Brompsis pumpelliana "
"Bromopsis pumpelliana (Bromus inermis var. pumpellianus)","Bromopsis pumpelliana (Bromus inermis var. pumpellianus)","Bromopsis pumpelliana (Bromus inermis var. pumpellianus)","Bromopsis pumpelliana (Bromus inermis var. pumpellianus)","Bromopsis pumpelliana (Bromus inermis var. pumpellianus) Bromopsis pumpelliana (Bromus inermis var. pumpellianus) Bromopsis pumpelliana (Bromus inermis var. pumpellianus)"
"Moehringia lateriflora","Moehringia","lateriflora","","Moehringia lateriflora "
"Bromopsis pumpelliana (Bromus inermis var. pumpellianus","Bromopsis pumpelliana (Bromus inermis var. pumpellianus","Bromopsis pumpelliana (Bromus inermis var. pumpellianus","Bromopsis pumpelliana (Bromus inermis var. pumpellianus","Bromopsis pumpelliana (Bromus inermis var. pumpellianus Bromopsis pumpelliana (Bromus inermis var. pumpellianus Bromopsis pumpelliana (Bromus inermis var. pumpellianus"
"Poa tracyi - ID by Jennifer Rudgers, July 2009","Poa tracyi - ID by Jennifer Rudgers, July 2009","Poa tracyi - ID by Jennifer Rudgers, July 2009","Poa tracyi - ID by Jennifer Rudgers, July 2009","Poa tracyi - ID by Jennifer Rudgers, July 2009 Poa tracyi - ID by Jennifer Rudgers, July 2009 Poa tracyi - ID by Jennifer Rudgers, July 2009"
"Descurainea incana (richardsonii)","Descurainea","incana","(richardsonii)","Descurainea incana (richardsonii)"
